PLCO_GSA_blood_autosomal_mCAs,SB164520_PC26469_D08,M,chr4,87884056,190214555,102330499,N,T,21616,Loss,0.0218,ASN
PLCO_GSA_blood_autosomal_mCAs,SB302210_PB93088_C07,M,chr13,48033472,52195567,4162095,N,Y,980,Loss,0.2728,EUR
PLCO_GSA_blood_autosomal_mCAs,SB303941_PB93087_E08,M,chr13,45423211,70996726,25573515,N,Y,4845,Loss,0.0662,EUR
PLCO_GSA_blood_autosomal_mCAs,SB327476_PB93088_F11,M,chr13,31627438,69376878,37749440,N,Y,8359,Loss,0.3263,EUR
PLCO_GSA_blood_autosomal_mCAs,SB650312_PB92036_C06,M,chr13,48926037,51353402,2427365,N,Y,579,Loss,0.141,EUR
PLCO_GSA_blood_autosomal_mCAs,SB650536_PB92036_F06,M,chr3,0,6877392,6877392,T,N,2385,Loss,0.108,EUR
PLCO_GSA_blood_autosomal_mCAs,SB653431_PB93110_F06,M,chr13,43649762,80955559,37305797,N,Y,7517,Loss,0.1724,EUR
PLCO_GSA_blood_autosomal_mCAs,SB664778_PB93106_D10,M,chr8,114026311,118816410,4790099,N,Y,887,Loss,0.2825,EUR
PLCO_GSA_blood_autosomal_mCAs,SB665073_PB92037_A02,F,chr9,0,138394717,138394717,T,T,27979,Loss,0.0524,EUR
PLCO_GSA_blood_autosomal_mCAs,SB665080_PB92037_F02,F,chr2,8563780,25260101,16696321,Y,N,4415,Loss,0.5562,EUR
PLCO_GSA_blood_autosomal_mCAs,SB666430_PB92037_C04,M,chr13,32144613,65429498,33284885,N,Y,7516,Loss,0.0392,EUR
PLCO_GSA_blood_autosomal_mCAs,SB668602_PB93112_H06,M,chr1,0,248956422,248956422,T,T,53427,Loss,0.021,EUR
PLCO_GSA_blood_autosomal_mCAs,SB668611_PB93113_A03,M,chr11,108198227,111560889,3362662,N,Y,943,Loss,0.3752,EUR
PLCO_GSA_blood_autosomal_mCAs,SB670077_PB93112_G07,M,chr5,86571863,133434995,46863132,N,Y,9264,Loss,0.054,EUR
PLCO_GSA_blood_autosomal_mCAs,SB670203_PB93114_C01,M,chr13,18051248,114364328,96313080,C,T,22661,Loss,0.0352,EUR
PLCO_GSA_blood_autosomal_mCAs,SB760096_PB93118_D12,M,chr16,60416342,90338345,29922003,N,T,9036,Loss,0.026,EUR
PLCO_GSA_blood_autosomal_mCAs,SB796394_PB92039_A12,M,chr11,98297510,135086622,36789112,N,T,10361,Loss,0.0833,EUR
PLCO_GSA_blood_autosomal_mCAs,SB796416_PB92039_B12,M,chr13,41222104,59893239,18671135,N,Y,3812,Loss,0.1049,EUR
PLCO_GSA_blood_autosomal_mCAs,SB812582_PB92040_E03,M,chr2,119518260,242193529,122675269,N,T,28220,Loss,0.0165,EUR
PLCO_GSA_blood_autosomal_mCAs,SB812643_PB92040_H03,F,chr13,48622381,51403069,2780688,N,Y,673,Loss,0.2943,EUR
PLCO_GSA_blood_autosomal_mCAs,SB812858_PB92040_B06,M,chr13,46070980,70038280,23967300,N,Y,4453,Loss,0.2336,EUR
PLCO_GSA_blood_autosomal_mCAs,SB812858_PB92040_B06,M,chr13,70049424,78446833,8397409,N,Y,2066,Loss,0.1385,EUR
PLCO_GSA_blood_autosomal_mCAs,SB824145_PB93131_G03,F,chr1,13456887,15929935,2473048,Y,N,878,Loss,0.5796,EUR
PLCO_GSA_blood_autosomal_mCAs,SB824145_PB93131_G03,F,chr1,219173940,233681440,14507500,N,Y,3463,Loss,0.597,EUR
PLCO_GSA_blood_autosomal_mCAs,SB824150_PB93131_E03,F,chr1,172967562,248956422,75988860,N,T,18431,Loss,0.0269,EUR
PLCO_GSA_blood_autosomal_mCAs,SB824159_PB93131_H01,M,chr1,162045950,248956422,86910472,N,T,21220,Loss,0.0286,EUR
PLCO_GSA_blood_autosomal_mCAs,SB824159_PB93131_H01,M,chr13,42479958,114364328,71884370,N,T,15909,Loss,0.072,EUR
PLCO_GSA_blood_autosomal_mCAs,SB824314_PB92048_A06,M,chr13,42486522,68787508,26300986,N,Y,5113,Loss,0.1724,EUR
PLCO_GSA_blood_autosomal_mCAs,SB824327_PB93131_C12,F,chr10,80811046,108151484,27340438,N,Y,6223,Loss,0.0743,EUR
PLCO_GSA_blood_autosomal_mCAs,SB824375_PB92048_H06,M,chr7,0,57664158,57664158,T,N,15107,Loss,0.0757,EUR
PLCO_GSA_blood_autosomal_mCAs,SB824375_PB92048_H06,M,chr11,123168132,135086622,11918490,N,T,3802,Loss,0.1238,EUR
PLCO_GSA_blood_autosomal_mCAs,SB824383_PB92048_F01,F,chr6,79081265,157353798,78272533,N,Y,16617,Loss,0.1565,EUR
PLCO_GSA_blood_autosomal_mCAs,SB903299_PB92051_C04,F,chr13,27162894,114364328,87201434,N,T,20238,Loss,0.0324,EUR
PLCO_GSA_blood_autosomal_mCAs,SC000559_PB93241_G05,M,chr13,40979088,50010015,9030927,N,Y,2116,Loss,0.3903,EUR
PLCO_GSA_blood_autosomal_mCAs,SC031515_PC26467_D07,F,chr3,44183061,46461724,2278663,Y,N,516,Loss,0.2103,EUR
PLCO_GSA_blood_autosomal_mCAs,SC044206_PB92053_C02,M,chr14,61417304,107043718,45626414,N,T,11412,Loss,0.0314,EUR
PLCO_GSA_blood_autosomal_mCAs,SC069261_PB92051_H05,F,chr13,47334855,80394478,33059623,N,Y,6539,Loss,0.0381,EUR
PLCO_GSA_blood_autosomal_mCAs,SC127917_PB92881_E07,M,chr12,9673650,12737692,3064042,Y,N,895,Loss,0.1175,EUR
PLCO_GSA_blood_autosomal_mCAs,SC127958_PB92881_G12,M,chr11,103898518,135086622,31188104,N,T,8990,Loss,0.0198,EUR
PLCO_GSA_blood_autosomal_mCAs,SC127988_PB92882_H04,M,chr7,0,57649423,57649423,T,N,15101,Loss,0.0452,AFR_EUR
PLCO_GSA_blood_autosomal_mCAs,SC127998_PB92882_B06,M,chr11,86070280,135086622,49016342,N,T,13081,Loss,0.0254,EUR
PLCO_GSA_blood_autosomal_mCAs,SC128074_PB92877_A04,M,chr3,69714444,80236505,10522061,Y,N,2095,Loss,0.3031,EUR
PLCO_GSA_blood_autosomal_mCAs,SC128077_PB92877_D04,F,chr9,68419287,138394717,69975430,N,T,17440,Loss,0.0332,EUR
PLCO_GSA_blood_autosomal_mCAs,SC128089_PB92877_A06,M,chr1,51970366,106652437,54682071,Y,N,11767,Loss,0.0398,EUR
PLCO_GSA_blood_autosomal_mCAs,SC128107_PB92877_C08,M,chr1,111814054,118342903,6528849,Y,N,1562,Loss,0.0786,EUR
PLCO_GSA_blood_autosomal_mCAs,SC128156_PB92878_G02,M,chr1,157767714,165167990,7400276,N,Y,2127,Loss,0.5066,EUR
PLCO_GSA_blood_autosomal_mCAs,SC128156_PB92878_G02,M,chr13,48162702,50177827,2015125,N,Y,392,Loss,0.4078,EUR
PLCO_GSA_blood_autosomal_mCAs,SC128190_PC04136_A02,F,chr2,22172535,26378619,4206084,Y,N,991,Loss,0.0946,EUR
PLCO_GSA_blood_autosomal_mCAs,SC128348_PB92874_G03,F,chr13,48175351,51902030,3726679,N,Y,833,Loss,0.1326,EUR
PLCO_GSA_blood_autosomal_mCAs,SC128383_PB92874_D08,M,chr12,0,133275309,133275309,T,T,31882,Loss,0.0119,EUR
PLCO_GSA_blood_autosomal_mCAs,SC128456_PB92875_H05,M,chr10,111171887,133797422,22625535,N,T,6587,Loss,0.0251,EUR
PLCO_GSA_blood_autosomal_mCAs,SC128485_PB92875_F09,F,chr6,1594981,9800764,8205783,Y,N,2420,Loss,0.1735,EUR
PLCO_GSA_blood_autosomal_mCAs,SC132994_PC26465_C01,M,chr8,69464590,145138636,75674046,N,T,16270,Loss,0.0318,EUR
PLCO_GSA_blood_autosomal_mCAs,SC133105_PB92872_F03,M,chr10,0,133797422,133797422,T,T,32301,Loss,0.0082,EUR
PLCO_GSA_blood_autosomal_mCAs,SC138157_PB96147_F01,M,chr4,28981506,38828211,9846705,Y,N,2155,Loss,0.2156,EUR
PLCO_GSA_blood_autosomal_mCAs,SC138157_PB96147_F01,M,chr4,84135398,95250060,11114662,N,Y,2306,Loss,0.2154,EUR
PLCO_GSA_blood_autosomal_mCAs,SC138157_PB96147_F01,M,chr4,97753649,106502007,8748358,N,Y,1634,Loss,0.204,EUR
PLCO_GSA_blood_autosomal_mCAs,SC138157_PB96147_F01,M,chr7,90265948,120726697,30460749,N,Y,6643,Loss,0.1776,EUR
PLCO_GSA_blood_autosomal_mCAs,SC138803_PB96147_H09,M,chr1,0,248956422,248956422,T,T,53441,Loss,0.0085,EUR
PLCO_GSA_blood_autosomal_mCAs,SC138812_PB96147_B10,F,chr1,160155085,248956422,88801337,N,T,21787,Loss,0.0141,EUR
PLCO_GSA_blood_autosomal_mCAs,SC142801_PB97734_H07,F,chr2,0,242193529,242193529,T,T,54834,Loss,0.0122,EUR
PLCO_GSA_blood_autosomal_mCAs,SC142878_PB97735_B05,M,chr13,47639727,51244348,3604621,N,Y,815,Loss,0.1357,EUR
PLCO_GSA_blood_autosomal_mCAs,SC142900_PB97735_A08,M,chr21,12915808,46709983,33794175,C,T,8574,Loss,0.0239,EUR
PLCO_GSA_blood_autosomal_mCAs,SC142955_PB97736_F02,M,chr13,48282200,51538906,3256706,N,Y,759,Loss,0.2275,EUR
PLCO_GSA_blood_autosomal_mCAs,SC143016_PB97736_A09,M,chr20,37466486,51853005,14386519,N,Y,3735,Loss,0.1373,EUR
PLCO_GSA_blood_autosomal_mCAs,SC143052_PB97736_G12,F,chr3,0,74816480,74816480,T,N,19820,Loss,0.0394,EUR
PLCO_GSA_blood_autosomal_mCAs,SC143052_PB97736_G12,F,chr13,48282200,51157536,2875336,N,Y,666,Loss,0.3037,EUR
PLCO_GSA_blood_autosomal_mCAs,SC143062_PB97737_A02,M,chr13,45525583,51044595,5519012,N,Y,1310,Loss,0.2102,EUR
PLCO_GSA_blood_autosomal_mCAs,SC143073_PB97737_E03,F,chr13,48987360,51789275,2801915,N,Y,627,Loss,0.5062,EUR
PLCO_GSA_blood_autosomal_mCAs,SC143076_PB97737_A04,M,chr13,35590091,53075061,17484970,N,Y,4188,Loss,0.2431,EUR
PLCO_GSA_blood_autosomal_mCAs,SC143106_PB97737_C07,F,chr11,88532912,135086622,46553710,N,T,12486,Loss,0.0214,EUR
PLCO_GSA_blood_autosomal_mCAs,SC143125_PB97737_D09,M,chr1,0,16040773,16040773,T,N,4568,Loss,0.0278,EUR
PLCO_GSA_blood_autosomal_mCAs,SC143203_PB97738_H06,M,chr20,32594006,47431079,14837073,N,Y,3635,Loss,0.056,EUR
PLCO_GSA_blood_autosomal_mCAs,SC143205_PB97738_B07,M,chr20,36303494,52688749,16385255,N,Y,4134,Loss,0.0937,EUR
PLCO_GSA_blood_autosomal_mCAs,SC143311_PB97739_E07,M,chr13,22063843,114364328,92300485,N,T,21825,Loss,0.0287,EUR
PLCO_GSA_blood_autosomal_mCAs,SC143358_PB97739_G12,F,chr1,162654714,248956422,86301708,N,T,21030,Loss,0.0167,EUR
PLCO_GSA_blood_autosomal_mCAs,SC143492_PB97741_F04,F,chr10,111226281,133797422,22571141,N,T,6569,Loss,0.0562,EUR
PLCO_GSA_blood_autosomal_mCAs,SC143543_PB97741_C10,F,chr9,0,38760371,38760371,T,N,10475,Loss,0.0849,EUR
PLCO_GSA_blood_autosomal_mCAs,SC143571_PB97742_F01,M,chr3,0,39017346,39017346,T,N,11198,Loss,0.0426,EUR
PLCO_GSA_blood_autosomal_mCAs,SC143620_PB97742_A07,F,chr13,18051248,114364328,96313080,C,T,22658,Loss,0.0459,EUR
PLCO_GSA_blood_autosomal_mCAs,SC143648_PB97742_B10,F,chr9,0,38756609,38756609,T,N,10474,Loss,0.0488,EUR
PLCO_GSA_blood_autosomal_mCAs,SC143701_PB96148_C04,F,chr3,69990630,73539072,3548442,Y,N,883,Loss,0.3962,EUR
PLCO_GSA_blood_autosomal_mCAs,SC149254_PB96228_F12,F,chr14,18173523,107043718,88870195,C,T,21399,Loss,0.0168,EUR
PLCO_GSA_blood_autosomal_mCAs,SC149512_PB96231_H05,F,chr13,35692185,114364328,78672143,N,T,17550,Loss,0.033,EUR
PLCO_GSA_blood_autosomal_mCAs,SC149588_PB96232_E01,M,chr11,107783694,120599450,12815756,N,Y,3765,Loss,0.0499,EUR
PLCO_GSA_blood_autosomal_mCAs,SC149617_PB96232_F04,M,chr5,83860681,132872671,49011990,N,Y,9558,Loss,0.0878,EUR
PLCO_GSA_blood_autosomal_mCAs,SC149813_PB96234_H03,M,chr13,48833913,58156312,9322399,N,Y,1665,Loss,0.096,EUR
PLCO_GSA_blood_autosomal_mCAs,SC149964_PB96235_G10,F,chr11,78762040,133470047,54708007,N,Y,14105,Loss,0.1622,EUR
PLCO_GSA_blood_autosomal_mCAs,SC150110_PB96237_D04,F,chr5,55924991,58975869,3050878,N,Y,676,Loss,0.3473,EUR
PLCO_GSA_blood_autosomal_mCAs,SC150110_PB96237_D04,F,chr5,95873853,133023222,37149369,N,Y,7616,Loss,0.3489,EUR
PLCO_GSA_blood_autosomal_mCAs,SC150118_PB96237_D05,M,chr1,66335869,83562393,17226524,Y,N,3344,Loss,0.0494,EUR
PLCO_GSA_blood_autosomal_mCAs,SC150144_PB96237_A08,M,chr13,50324518,114364328,64039810,N,T,14080,Loss,0.0868,EUR
PLCO_GSA_blood_autosomal_mCAs,SC150256_PB96238_A10,F,chr9,69272063,138394717,69122654,N,T,17199,Loss,0.0402,EUR
PLCO_GSA_blood_autosomal_mCAs,SC150328_PB96239_B07,M,chr4,0,190214555,190214555,T,T,40739,Loss,0.0207,EUR
PLCO_GSA_blood_autosomal_mCAs,SC150342_PB96239_H08,M,chr22,27284819,29306145,2021326,N,Y,529,Loss,0.2987,EUR
PLCO_GSA_blood_autosomal_mCAs,SC150351_PB96239_B10,F,chr11,69814247,135086622,65272375,N,T,16821,Loss,0.1437,EUR
PLCO_GSA_blood_autosomal_mCAs,SC150411_PB96240_F05,M,chr6,92037929,144661190,52623261,N,Y,10634,Loss,0.0251,EUR
PLCO_GSA_blood_autosomal_mCAs,SC150515_PB96241_D06,F,chr9,69331247,138394717,69063470,N,T,17175,Loss,0.0815,EUR
PLCO_GSA_blood_autosomal_mCAs,SC150541_PB96241_C09,F,chr3,0,70430478,70430478,T,N,18734,Loss,0.0232,AFR_EUR
PLCO_GSA_blood_autosomal_mCAs,SC150591_PB96242_A03,M,chr1,0,119895095,119895095,T,N,28293,Loss,0.0325,EUR
PLCO_GSA_blood_autosomal_mCAs,SC150655_PB96242_H10,M,chr18,0,11954112,11954112,T,N,3612,Loss,0.4129,EUR
PLCO_GSA_blood_autosomal_mCAs,SC150860_PB96244_E09,M,chr13,49482657,55244492,5761835,N,Y,1215,Loss,0.0897,AFR
PLCO_GSA_blood_autosomal_mCAs,SC150945_PC04136_H08,F,chr9,87248903,138394717,51145814,N,T,13247,Loss,0.0294,EUR
PLCO_GSA_blood_autosomal_mCAs,SC151004_PB96408_F01,F,chr9,0,6567841,6567841,T,N,2139,Loss,0.0621,EUR
PLCO_GSA_blood_autosomal_mCAs,SC151029_PB96408_E04,F,chr5,82560718,115351766,32791048,N,Y,6096,Loss,0.0574,EUR
PLCO_GSA_blood_autosomal_mCAs,SC151076_PB96408_B10,F,chr9,61667843,138394717,76726874,N,T,17460,Loss,0.1333,EUR
PLCO_GSA_blood_autosomal_mCAs,SC151201_PB96409_A12,F,chr17,48432085,83257441,34825356,N,T,9329,Loss,0.0281,EUR
PLCO_GSA_blood_autosomal_mCAs,SC151296_PB96410_B11,F,chr4,0,190214555,190214555,T,T,40732,Loss,0.0192,EUR
PLCO_GSA_blood_autosomal_mCAs,SC151377_PB96411_A06,F,chr5,86112452,156870905,70758453,N,Y,14715,Loss,0.0717,EUR
PLCO_GSA_blood_autosomal_mCAs,SC151562_PB96413_H03,M,chr14,18173523,107043718,88870195,C,T,21395,Loss,0.0186,EUR
PLCO_GSA_blood_autosomal_mCAs,SC151627_PB96413_H11,F,chr22,24734981,29458970,4723989,N,Y,1428,Loss,0.2479,EUR
PLCO_GSA_blood_autosomal_mCAs,SC151658_PB96414_H03,M,chr5,107155994,160885010,53729016,N,Y,12146,Loss,0.1426,EUR
PLCO_GSA_blood_autosomal_mCAs,SC151718_PB96414_B11,M,chr13,34739690,69525198,34785508,N,Y,7053,Loss,0.0607,EUR
PLCO_GSA_blood_autosomal_mCAs,SC151729_PB96414_F12,F,chr20,36635239,43380549,6745310,N,Y,1611,Loss,0.5042,EUR
PLCO_GSA_blood_autosomal_mCAs,SC151856_PB96416_C05,M,chr5,4938017,19127418,14189401,Y,N,3419,Loss,0.2561,EUR
PLCO_GSA_blood_autosomal_mCAs,SC151925_PB96417_A01,M,chr3,0,198295559,198295559,T,T,45426,Loss,0.0103,EUR
PLCO_GSA_blood_autosomal_mCAs,SC152010_PB96417_F09,M,chr14,68834988,95686391,26851403,N,Y,6727,Loss,0.2982,EUR
PLCO_GSA_blood_autosomal_mCAs,SC152212_PB96419_E09,F,chr2,113129758,242193529,129063771,N,T,29411,Loss,0.027,EUR
PLCO_GSA_blood_autosomal_mCAs,SC152335_PB97452_A01,F,chr10,111217250,133797422,22580172,N,T,6572,Loss,0.0773,EUR
PLCO_GSA_blood_autosomal_mCAs,SC152355_PB97452_E03,F,chr11,1845142,4675645,2830503,Y,N,1050,Loss,0.0734,EUR
PLCO_GSA_blood_autosomal_mCAs,SC152400_PB97452_D08,F,chr11,92962848,135086622,42123774,N,T,11662,Loss,0.0266,EUR
PLCO_GSA_blood_autosomal_mCAs,SC152503_PB96422_F08,F,chr9,61667843,138394717,76726874,N,T,17449,Loss,0.0382,EUR
PLCO_GSA_blood_autosomal_mCAs,SC153912_PB96151_H09,M,chr13,31049702,72185828,41136126,N,Y,9139,Loss,0.0709,EUR
PLCO_GSA_blood_autosomal_mCAs,SC153939_PB96151_C12,F,chr11,78823936,135086622,56262686,N,T,14705,Loss,0.0772,EUR
PLCO_GSA_blood_autosomal_mCAs,SC154019_PB96152_F06,F,chr13,41236598,63516555,22279957,N,Y,4479,Loss,0.1205,EUR
PLCO_GSA_blood_autosomal_mCAs,SC154042_PB96152_A09,F,chr9,89752842,138394717,48641875,N,T,12623,Loss,0.1038,EUR
PLCO_GSA_blood_autosomal_mCAs,SC154202_PB96154_B01,M,chr2,8676749,26162980,17486231,Y,N,4545,Loss,0.0948,EUR
PLCO_GSA_blood_autosomal_mCAs,SC154495_PB96156_D07,F,chr13,47666544,56319446,8652902,N,Y,1683,Loss,0.0772,EUR
PLCO_GSA_blood_autosomal_mCAs,SC154513_PB96156_F09,F,chr5,86327166,143207129,56879963,N,Y,11515,Loss,0.0781,EUR
PLCO_GSA_blood_autosomal_mCAs,SC154684_PB97548_H08,F,chr13,43465854,79374681,35908827,N,Y,7281,Loss,0.0908,EUR
PLCO_GSA_blood_autosomal_mCAs,SC154752_PB97549_B05,F,chr11,29862715,43028276,13165561,Y,N,2805,Loss,0.0505,EUR
PLCO_GSA_blood_autosomal_mCAs,SC154780_PB97549_G08,M,chr2,122819659,152904517,30084858,N,Y,5869,Loss,0.0764,EUR
PLCO_GSA_blood_autosomal_mCAs,SC154780_PB97549_G08,M,chr5,118255924,133764862,15508938,N,Y,3267,Loss,0.0821,EUR
PLCO_GSA_blood_autosomal_mCAs,SC154780_PB97549_G08,M,chr6,66422765,170805979,104383214,N,T,22892,Loss,0.0308,EUR
PLCO_GSA_blood_autosomal_mCAs,SC154780_PB97549_G08,M,chr10,82120898,105266809,23145911,N,Y,5359,Loss,0.0737,EUR
PLCO_GSA_blood_autosomal_mCAs,SC154899_PB97550_D11,M,chr13,35548430,57109939,21561509,N,Y,4752,Loss,0.509,EUR
PLCO_GSA_blood_autosomal_mCAs,SC155080_PB97552_C08,M,chr20,33024476,51538847,18514371,N,Y,4606,Loss,0.0804,EUR
PLCO_GSA_blood_autosomal_mCAs,SC155140_PB97553_A03,M,chr11,65638922,115626433,49987511,N,Y,11741,Loss,0.038,EUR
PLCO_GSA_blood_autosomal_mCAs,SC155387_PB97555_F07,F,chr12,74456786,82766411,8309625,N,Y,1686,Loss,0.0606,EUR
PLCO_GSA_blood_autosomal_mCAs,SC155496_PB97556_E09,F,chr9,74323733,138394717,64070984,N,T,16280,Loss,0.0196,EUR
PLCO_GSA_blood_autosomal_mCAs,SC155573_PB97557_C07,M,chr3,0,64563292,64563292,T,N,17252,Loss,0.0187,ASN_EUR
PLCO_GSA_blood_autosomal_mCAs,SC155662_PB97558_G06,M,chr7,115278121,142670801,27392680,N,Y,6051,Loss,0.032,EUR
PLCO_GSA_blood_autosomal_mCAs,SC155725_PB97559_H02,F,chr13,47362113,49793599,2431486,N,Y,492,Loss,0.2777,EUR
PLCO_GSA_blood_autosomal_mCAs,SC155725_PB97559_H02,F,chr15,40041590,42145352,2103762,N,Y,617,Loss,0.262,EUR
PLCO_GSA_blood_autosomal_mCAs,SC155745_PB97559_C05,F,chr4,81858739,106051612,24192873,N,Y,4758,Loss,0.0758,EUR
PLCO_GSA_blood_autosomal_mCAs,SC155838_PB97560_A05,F,chr5,87399457,132588649,45189192,N,Y,8867,Loss,0.0617,EUR
PLCO_GSA_blood_autosomal_mCAs,SC155858_PB97560_D07,F,chr9,68867372,138394717,69527345,N,T,17319,Loss,0.0321,EUR
PLCO_GSA_blood_autosomal_mCAs,SC156018_PB97562_G02,F,chr20,38031593,44887515,6855922,N,Y,1758,Loss,0.3842,EUR
PLCO_GSA_blood_autosomal_mCAs,SC156158_PB97563_G08,M,chr12,90682721,133275309,42592588,N,T,11567,Loss,0.0178,EUR
PLCO_GSA_blood_autosomal_mCAs,SC156161_PB97563_B09,M,chr9,90401577,122694901,32293324,N,Y,7791,Loss,0.5991,AFR
PLCO_GSA_blood_autosomal_mCAs,SC156255_PB97564_B09,F,chr9,0,28086346,28086346,T,N,8181,Loss,0.0442,EUR
PLCO_GSA_blood_autosomal_mCAs,SC156264_PB97564_C10,M,chr8,50557670,145138636,94580966,N,T,20042,Loss,0.0315,EUR
PLCO_GSA_blood_autosomal_mCAs,SC156408_PB97566_D04,F,chr16,57923312,90338345,32415033,N,T,9642,Loss,0.0611,AFR_EUR
PLCO_GSA_blood_autosomal_mCAs,SC156464_PB97566_E11,M,chr3,0,198295559,198295559,T,T,45427,Loss,0.016,EUR
PLCO_GSA_blood_autosomal_mCAs,SC156465_PB97566_G11,M,chr5,77324757,181538259,104213502,N,T,23266,Loss,0.0256,AFR_EUR
PLCO_GSA_blood_autosomal_mCAs,SC156532_PB97567_A08,M,chr6,98287735,170805979,72518244,N,T,16775,Loss,0.204,ASN
PLCO_GSA_blood_autosomal_mCAs,SC157912_PB96157_A10,F,chr5,87137902,157516277,70378375,N,Y,14795,Loss,0.1557,EUR
PLCO_GSA_blood_autosomal_mCAs,SC158178_PC26563_B04,M,chr13,27957248,114364328,86407080,N,T,20013,Loss,0.022,EUR
PLCO_GSA_blood_autosomal_mCAs,SC164207_PB97758_A08,F,chr7,108443160,137650543,29207383,N,Y,5851,Loss,0.0376,EUR
PLCO_GSA_blood_autosomal_mCAs,SC164383_PB97760_G04,M,chr11,69962138,135086622,65124484,N,T,16788,Loss,0.0673,EUR
PLCO_GSA_blood_autosomal_mCAs,SC164558_PB97762_B03,F,chr5,100164850,123408484,23243634,N,Y,4858,Loss,0.1336,EUR
PLCO_GSA_blood_autosomal_mCAs,SC164683_PB97763_A04,F,chr9,0,19210100,19210100,T,N,5943,Loss,0.1225,EUR
PLCO_GSA_blood_autosomal_mCAs,SC164794_PB97764_H05,M,chr20,32436018,52440136,20004118,N,Y,4926,Loss,0.1709,EUR
PLCO_GSA_blood_autosomal_mCAs,SC164860_PC04137_A05,F,chr2,65016187,69076447,4060260,Y,N,1021,Loss,0.0801,EUR
PLCO_GSA_blood_autosomal_mCAs,SC165050_PB97767_A01,F,chr2,73116845,79264900,6148055,Y,N,1454,Loss,0.0975,EUR
PLCO_GSA_blood_autosomal_mCAs,SC165050_PB97767_A01,F,chr3,179754886,198295559,18540673,N,T,5158,Loss,0.0657,EUR
PLCO_GSA_blood_autosomal_mCAs,SC165122_PB97767_D09,F,chr6,43266578,49447735,6181157,Y,N,1473,Loss,0.2305,EUR
PLCO_GSA_blood_autosomal_mCAs,SC165200_PB97768_F07,F,chr11,106499549,114333462,7833913,N,Y,2079,Loss,0.1107,EUR
PLCO_GSA_blood_autosomal_mCAs,SC165254_PB97769_E02,F,chr9,0,38770137,38770137,T,N,10480,Loss,0.102,EUR
PLCO_GSA_blood_autosomal_mCAs,SC165257_PB97769_H02,F,chr13,47164932,71410434,24245502,N,Y,4485,Loss,0.0476,EUR
PLCO_GSA_blood_autosomal_mCAs,SC165269_PB97769_D04,F,chr5,107371817,113227916,5856099,N,Y,1347,Loss,0.0799,EUR
PLCO_GSA_blood_autosomal_mCAs,SC165301_PB97769_C08,M,chr15,19725254,101534058,81808804,C,Y,20323,Loss,0.0454,EUR
PLCO_GSA_blood_autosomal_mCAs,SC165328_PB97769_H11,F,chr9,84099075,138394717,54295642,N,T,13991,Loss,0.0237,EUR
PLCO_GSA_blood_autosomal_mCAs,SC165389_PB97770_C07,F,chr9,68819791,138394717,69574926,N,T,17337,Loss,0.0354,EUR
PLCO_GSA_blood_autosomal_mCAs,SC165475_PB97771_B06,M,chr1,0,86862625,86862625,T,N,21010,Loss,0.027,EUR
PLCO_GSA_blood_autosomal_mCAs,SC165476_PB97771_C06,M,chr13,49252372,114364328,65111956,N,T,14300,Loss,0.0242,EUR
PLCO_GSA_blood_autosomal_mCAs,SC165521_PB97771_H11,F,chr1,52598362,102117174,49518812,Y,N,10889,Loss,0.0339,EUR
PLCO_GSA_blood_autosomal_mCAs,SC165557_PB97772_G04,M,chr5,0,181538259,181538259,T,T,38767,Loss,0.0291,EUR
PLCO_GSA_blood_autosomal_mCAs,SC165557_PB97772_G04,M,chr8,0,145138636,145138636,T,T,33348,Loss,0.0286,EUR
PLCO_GSA_blood_autosomal_mCAs,SC165557_PB97772_G04,M,chr12,37567966,133275309,95707343,N,T,22611,Loss,0.0203,EUR
PLCO_GSA_blood_autosomal_mCAs,SC165561_PB97772_C05,F,chr20,32297780,47347215,15049435,N,Y,3686,Loss,0.2375,EUR
PLCO_GSA_blood_autosomal_mCAs,SC165570_PB97772_C06,M,chr4,71556974,190214555,118657581,N,T,24843,Loss,0.0143,EUR
PLCO_GSA_blood_autosomal_mCAs,SC165756_PB97774_A06,F,chr1,0,115233979,115233979,T,N,27174,Loss,0.0151,EUR
PLCO_GSA_blood_autosomal_mCAs,SC165823_PB97775_A02,M,chr12,0,30780350,30780350,T,N,8441,Loss,0.0225,EUR
PLCO_GSA_blood_autosomal_mCAs,SC165825_PB97775_C02,M,chr11,104340841,132226678,27885837,N,Y,7888,Loss,0.0503,EUR
PLCO_GSA_blood_autosomal_mCAs,SC165879_PB97775_B08,F,chr9,268740,138394717,138125977,Y,T,27949,Loss,0.0341,EUR
PLCO_GSA_blood_autosomal_mCAs,SC165956_PB97776_B05,M,chr20,32304631,46482295,14177664,N,Y,3406,Loss,0.1349,EUR
PLCO_GSA_blood_autosomal_mCAs,SC165957_PB97776_C05,M,chr3,0,198295559,198295559,T,T,45418,Loss,0.0167,EUR
PLCO_GSA_blood_autosomal_mCAs,SC165998_PB97776_D10,M,chr11,92569848,135086622,42516774,N,T,11795,Loss,0.0297,EUR
PLCO_GSA_blood_autosomal_mCAs,SC166291_PB98000_B02,M,chr11,127450662,135086622,7635960,N,T,2421,Loss,0.0964,EUR
PLCO_GSA_blood_autosomal_mCAs,SC166333_PB98000_D07,F,chr2,23551882,25758403,2206521,Y,N,496,Loss,0.1081,EUR
PLCO_GSA_blood_autosomal_mCAs,SC166467_PB98001_C12,M,chr11,72558341,135086622,62528281,N,T,16155,Loss,0.0182,EUR
PLCO_GSA_blood_autosomal_mCAs,SC166615_PB98003_H06,M,chr6,0,43797796,43797796,T,N,10646,Loss,0.0431,EUR
PLCO_GSA_blood_autosomal_mCAs,SC166827_PB98005_A10,F,chr20,32454545,49464693,17010148,N,Y,4154,Loss,0.1207,EUR
PLCO_GSA_blood_autosomal_mCAs,SC166927_PB98006_H10,M,chr7,67425136,159345973,91920837,N,T,20772,Loss,0.0159,EUR
PLCO_GSA_blood_autosomal_mCAs,SC166962_PB98007_E03,F,chr2,112621298,242193529,129572231,N,T,29546,Loss,0.0304,EUR
PLCO_GSA_blood_autosomal_mCAs,SC166997_PB98007_H07,F,chr9,0,18364505,18364505,T,N,5667,Loss,0.0255,EUR
PLCO_GSA_blood_autosomal_mCAs,SC167112_PB98008_D10,F,chr20,35509524,64444167,28934643,N,T,7965,Loss,0.0217,EUR
PLCO_GSA_blood_autosomal_mCAs,SC167122_PB98008_G11,F,chr5,0,42050312,42050312,T,N,9895,Loss,0.0365,EUR
PLCO_GSA_blood_autosomal_mCAs,SC167164_PB98009_A05,M,chr5,87110318,123306535,36196217,N,Y,7061,Loss,0.4542,EUR
PLCO_GSA_blood_autosomal_mCAs,SC167191_PB98009_D08,F,chr14,18173523,107043718,88870195,C,T,21391,Loss,0.0325,EUR
PLCO_GSA_blood_autosomal_mCAs,SC167204_PB98009_A10,M,chr20,31918870,45963997,14045127,N,Y,3341,Loss,0.0892,EUR
PLCO_GSA_blood_autosomal_mCAs,SC167513_PB98012_B01,F,chr13,48911477,50942169,2030692,N,Y,439,Loss,0.2288,EUR
PLCO_GSA_blood_autosomal_mCAs,SC167539_PB98012_E04,F,chr3,135077343,198295559,63218216,N,T,14825,Loss,0.0197,EUR
PLCO_GSA_blood_autosomal_mCAs,SC167545_PB98012_C05,F,chr3,121848886,125044080,3195194,N,Y,837,Loss,0.1373,EUR
PLCO_GSA_blood_autosomal_mCAs,SC167605_PB98013_B01,M,chr20,39544727,55138591,15593864,N,Y,4072,Loss,0.5728,EUR
PLCO_GSA_blood_autosomal_mCAs,SC167635_PB98013_A05,M,chr11,101901817,135086622,33184805,N,T,9523,Loss,0.0175,EUR
PLCO_GSA_blood_autosomal_mCAs,SC167642_PB98013_H05,M,chr6,88572927,170805979,82233052,N,T,18599,Loss,0.0288,EUR
PLCO_GSA_blood_autosomal_mCAs,SC167653_PB98013_C07,F,chr17,49469180,83257441,33788261,N,T,9077,Loss,0.038,EUR
PLCO_GSA_blood_autosomal_mCAs,SC167804_PB98015_E02,M,chr6,131179187,170805979,39626792,N,T,10256,Loss,0.0425,EUR
PLCO_GSA_blood_autosomal_mCAs,SC167842_PB98015_C07,F,chr2,25136553,27519736,2383183,Y,N,682,Loss,0.1956,EUR
PLCO_GSA_blood_autosomal_mCAs,SC167861_PB98015_F09,F,chr13,35447940,58523329,23075389,N,Y,4946,Loss,0.1239,EUR
PLCO_GSA_blood_autosomal_mCAs,SC168164_PB98096_D08,M,chr20,33112961,45304381,12191420,N,Y,2852,Loss,0.0926,EUR
PLCO_GSA_blood_autosomal_mCAs,SC168169_PB98096_B09,M,chr20,32890220,51098666,18208446,N,Y,4518,Loss,0.1119,EUR
PLCO_GSA_blood_autosomal_mCAs,SC168235_PB98097_E05,M,chr7,110388153,159345973,48957820,N,T,11751,Loss,0.032,EUR
PLCO_GSA_blood_autosomal_mCAs,SC168393_PB98099_H04,F,chr9,71313383,138394717,67081334,N,T,16806,Loss,0.0275,EUR
PLCO_GSA_blood_autosomal_mCAs,SC168590_PB98100_H12,F,chr11,73089925,135086622,61996697,N,T,16073,Loss,0.0227,EUR
PLCO_GSA_blood_autosomal_mCAs,SC168657_PB98101_B09,F,chr22,25789324,29531254,3741930,N,Y,1145,Loss,0.0799,EUR
PLCO_GSA_blood_autosomal_mCAs,SC168694_PB98102_G01,F,chr9,68501075,138394717,69893642,N,T,17415,Loss,0.0394,EUR
PLCO_GSA_blood_autosomal_mCAs,SC168706_PB98102_E03,M,chr11,104048012,117166645,13118633,N,Y,3297,Loss,0.0436,EUR
PLCO_GSA_blood_autosomal_mCAs,SC168822_PB98103_A04,F,chr1,0,110217822,110217822,T,N,25937,Loss,0.0201,EUR
PLCO_GSA_blood_autosomal_mCAs,SC168873_PB98103_B10,F,chr9,68491596,138394717,69903121,N,T,17425,Loss,0.0807,AFR
PLCO_GSA_blood_autosomal_mCAs,SC168885_PB98103_C10,F,chr3,0,198295559,198295559,T,T,45425,Loss,0.0146,EUR
PLCO_GSA_blood_autosomal_mCAs,SC169025_PC01483_D03,F,chr12,118754810,129819768,11064958,N,Y,3244,Loss,0.0885,EUR
PLCO_GSA_blood_autosomal_mCAs,SC169163_PB98106_H06,M,chr17,0,83257441,83257441,T,T,21310,Loss,0.011,EUR
PLCO_GSA_blood_autosomal_mCAs,SC169232_PB98107_D02,F,chr22,25884975,34118821,8233846,N,Y,2243,Loss,0.1028,EUR
PLCO_GSA_blood_autosomal_mCAs,SC169734_PC03176_E12,M,chr16,82131227,85258523,3127296,N,Y,1504,Loss,0.0834,ASN
PLCO_GSA_blood_autosomal_mCAs,SC169734_PC03176_E12,M,chr18,0,13462381,13462381,T,N,3985,Loss,0.0754,ASN
PLCO_GSA_blood_autosomal_mCAs,SC169734_PC03176_E12,M,chr18,71806983,74410670,2603687,N,Y,777,Loss,0.1147,ASN
PLCO_GSA_blood_autosomal_mCAs,SC179395_PB97980_B01,F,chr9,0,22471833,22471833,T,N,6758,Loss,0.0282,EUR
PLCO_GSA_blood_autosomal_mCAs,SC179490_PB97980_G12,F,chr11,116958937,125244645,8285708,N,Y,2595,Loss,0.2378,EUR
PLCO_GSA_blood_autosomal_mCAs,SC179490_PB97980_G12,F,chr22,22198115,24512384,2314269,N,Y,619,Loss,0.2294,EUR
PLCO_GSA_blood_autosomal_mCAs,SC179690_PB97982_B12,F,chr4,0,48892964,48892964,T,N,11989,Loss,0.0224,EUR
PLCO_GSA_blood_autosomal_mCAs,SC179697_PB97983_A01,M,chr2,203897604,242193529,38295925,N,T,10552,Loss,0.0456,EUR
PLCO_GSA_blood_autosomal_mCAs,SC179736_PB97983_G05,F,chr20,34813904,64444167,29630263,N,T,8213,Loss,0.0416,EUR
PLCO_GSA_blood_autosomal_mCAs,SC179774_PB97983_F10,M,chr5,87168367,123688501,36520134,N,Y,7097,Loss,0.2931,EUR
PLCO_GSA_blood_autosomal_mCAs,SC179974_PB97985_C02,M,chr14,35985445,107043718,71058273,N,T,16509,Loss,0.0162,EUR
PLCO_GSA_blood_autosomal_mCAs,SC180084_PB97986_G10,M,chr5,95391175,126602571,31211396,N,Y,6530,Loss,0.0837,EUR
PLCO_GSA_blood_autosomal_mCAs,SC180411_PB97989_A12,M,chr13,48400606,50993856,2593250,N,Y,572,Loss,0.3765,EUR
PLCO_GSA_blood_autosomal_mCAs,SC180423_PB97990_E01,M,chr13,32136501,75516104,43379603,N,Y,9755,Loss,0.2689,EUR
PLCO_GSA_blood_autosomal_mCAs,SC180488_PB97990_D09,M,chr18,0,14771485,14771485,T,N,4207,Loss,0.1126,EUR
PLCO_GSA_blood_autosomal_mCAs,SC180495_PB97990_D10,M,chr17,0,83257441,83257441,T,T,21303,Loss,0.0196,EUR
PLCO_GSA_blood_autosomal_mCAs,SC180631_PB97992_C01,M,chr21,12915808,46709983,33794175,C,T,8574,Loss,0.0586,EUR
PLCO_GSA_blood_autosomal_mCAs,SC180723_PB97992_B12,M,chr16,86063237,89133243,3070006,N,Y,1249,Loss,0.3264,EUR
PLCO_GSA_blood_autosomal_mCAs,SC180777_PB97993_H06,M,chr1,0,248956422,248956422,T,T,53454,Loss,0.0125,EUR
PLCO_GSA_blood_autosomal_mCAs,SC180777_PB97993_H06,M,chr2,96132566,242193529,146060963,N,T,32551,Loss,0.0201,EUR
PLCO_GSA_blood_autosomal_mCAs,SC180777_PB97993_H06,M,chr11,0,135086622,135086622,T,T,33972,Loss,0.0151,EUR
PLCO_GSA_blood_autosomal_mCAs,SC180827_PB97994_A01,F,chr4,87834815,190214555,102379740,N,T,21645,Loss,0.0259,EUR
PLCO_GSA_blood_autosomal_mCAs,SC180984_PB97995_D06,F,chr12,92006901,94888825,2881924,N,Y,792,Loss,0.0735,EUR
PLCO_GSA_blood_autosomal_mCAs,SC181089_PB97996_D07,F,chr13,48142888,50887336,2744448,N,Y,583,Loss,0.325,EUR
PLCO_GSA_blood_autosomal_mCAs,SC181107_PB97996_G09,M,chr2,0,28880022,28880022,T,N,7690,Loss,0.0277,EUR
PLCO_GSA_blood_autosomal_mCAs,SC184297_PB98745_A01,M,chr13,33836394,55651567,21815173,N,Y,4935,Loss,0.0739,EUR
PLCO_GSA_blood_autosomal_mCAs,SC184343_PB98745_C06,M,chr20,32094968,49248972,17154004,N,Y,4176,Loss,0.0676,EUR
PLCO_GSA_blood_autosomal_mCAs,SC184436_PB98746_G05,F,chr13,46482093,51006358,4524265,N,Y,1030,Loss,0.2495,EUR
PLCO_GSA_blood_autosomal_mCAs,SC184511_PB98747_H02,F,chr14,36436755,107043718,70606963,N,T,16404,Loss,0.0418,EUR
PLCO_GSA_blood_autosomal_mCAs,SC184577_PB98747_B11,M,chr15,70373943,101991189,31617246,N,T,8578,Loss,0.0335,EUR
PLCO_GSA_blood_autosomal_mCAs,SC184603_PC01391_F02,F,chr9,76692834,138394717,61701883,N,T,15643,Loss,0.0244,EUR
PLCO_GSA_blood_autosomal_mCAs,SC184816_PB98750_D05,F,chr1,110947279,113543101,2595822,Y,N,647,Loss,0.1658,EUR
PLCO_GSA_blood_autosomal_mCAs,SC184869_PB98750_G11,F,chr6,61995124,109892687,47897563,N,Y,9155,Loss,0.0504,EUR
PLCO_GSA_blood_autosomal_mCAs,SC184976_PB98751_G12,M,chr13,31949791,36254766,4304975,N,Y,1591,Loss,0.0745,EUR
PLCO_GSA_blood_autosomal_mCAs,SC184976_PB98751_G12,M,chr13,36257710,51950352,15692642,N,Y,3763,Loss,0.216,EUR
PLCO_GSA_blood_autosomal_mCAs,SC184976_PB98751_G12,M,chr13,51971359,68543550,16572191,N,Y,2778,Loss,0.0909,EUR
PLCO_GSA_blood_autosomal_mCAs,SC184983_PB98752_F01,M,chr17,67414818,83257441,15842623,N,T,5122,Loss,0.052,EUR
PLCO_GSA_blood_autosomal_mCAs,SC185063_PB98752_H11,M,chr13,32379251,86297319,53918068,N,Y,11172,Loss,0.0346,EUR
PLCO_GSA_blood_autosomal_mCAs,SC185066_PB98752_C12,M,chr7,93514449,128360037,34845588,N,Y,7326,Loss,0.1497,AFR
PLCO_GSA_blood_autosomal_mCAs,SC185158_PB98753_F10,F,chr8,0,31308585,31308585,T,N,10283,Loss,0.1635,EUR
PLCO_GSA_blood_autosomal_mCAs,SC185178_PB98753_G12,M,chr8,0,26662365,26662365,T,N,9105,Loss,0.0306,EUR
PLCO_GSA_blood_autosomal_mCAs,SC185382_PB98755_E12,M,chr4,56240029,190214555,133974526,N,T,27748,Loss,0.0165,EUR
PLCO_GSA_blood_autosomal_mCAs,SC185401_PB98756_G02,F,chr16,0,90338345,90338345,T,T,21919,Loss,0.0081,EUR
PLCO_GSA_blood_autosomal_mCAs,SC185459_PB98756_F08,M,chr13,28399484,62029450,33629966,N,Y,7904,Loss,0.1138,EUR
PLCO_GSA_blood_autosomal_mCAs,SC185650_PB98758_C07,M,chr16,0,2850082,2850082,T,N,1220,Loss,0.0586,EUR
PLCO_GSA_blood_autosomal_mCAs,SC185660_PB98758_F08,F,chr9,0,38404582,38404582,T,N,10382,Loss,0.1325,EUR
PLCO_GSA_blood_autosomal_mCAs,SC186023_PB98762_E05,M,chr4,0,48477542,48477542,T,N,11891,Loss,0.0213,EUR
PLCO_GSA_blood_autosomal_mCAs,SC186176_PB99450_C08,M,chr15,36874677,101991189,65116512,N,T,17078,Loss,0.016,EUR
PLCO_GSA_blood_autosomal_mCAs,SC186248_PB99451_H04,M,chr18,0,80373285,80373285,T,T,18247,Loss,0.0148,EUR
PLCO_GSA_blood_autosomal_mCAs,SC186268_PB99451_D07,M,chr11,0,47291138,47291138,T,N,12725,Loss,0.0295,EUR
PLCO_GSA_blood_autosomal_mCAs,SC186329_PB100119_E03,M,chr20,32896174,54205796,21309622,N,Y,5340,Loss,0.0616,EUR
PLCO_GSA_blood_autosomal_mCAs,SC186350_PB100119_H05,M,chr1,0,48067000,48067000,T,N,12791,Loss,0.0165,EUR
PLCO_GSA_blood_autosomal_mCAs,SC186350_PB100119_H05,M,chr17,0,21504469,21504469,T,N,6673,Loss,0.0535,EUR
PLCO_GSA_blood_autosomal_mCAs,SC186571_PB99453_B11,F,chr11,105774922,130210122,24435200,N,Y,6983,Loss,0.1677,ASN
PLCO_GSA_blood_autosomal_mCAs,SC186576_PB99453_G11,M,chr20,37453323,44784557,7331234,N,Y,1835,Loss,0.1595,ASN
PLCO_GSA_blood_autosomal_mCAs,SC186709_PB99455_H02,F,chr11,127490130,135086622,7596492,N,T,2411,Loss,0.072,EUR
PLCO_GSA_blood_autosomal_mCAs,SC186761_PB99455_E08,F,chr6,136631792,143683844,7052052,N,Y,1581,Loss,0.1672,EUR
PLCO_GSA_blood_autosomal_mCAs,SC186761_PB99455_E08,F,chr13,46144368,51089115,4944747,N,Y,1161,Loss,0.1509,EUR
PLCO_GSA_blood_autosomal_mCAs,SC186846_PB99456_F06,F,chr7,0,40992658,40992658,T,N,11236,Loss,0.2611,EUR
PLCO_GSA_blood_autosomal_mCAs,SC186846_PB99456_F06,F,chr7,141541740,159345973,17804233,N,T,5171,Loss,0.2641,EUR
PLCO_GSA_blood_autosomal_mCAs,SC187234_PB99459_C11,M,chr19,0,2601813,2601813,T,N,1029,Loss,0.0397,EUR
PLCO_GSA_blood_autosomal_mCAs,SC187438_PB99461_B10,F,chr9,61665918,138394717,76728799,N,T,17460,Loss,0.0223,EUR
PLCO_GSA_blood_autosomal_mCAs,SC187460_PB99461_G12,F,chr4,87150076,106207771,19057695,N,Y,3826,Loss,0.0485,EUR
PLCO_GSA_blood_autosomal_mCAs,SC187466_PB99462_E01,F,chr7,0,55056993,55056993,T,N,14696,Loss,0.0325,EUR
PLCO_GSA_blood_autosomal_mCAs,SC187561_PB99462_E12,M,chr19,0,9284908,9284908,T,N,3410,Loss,0.0559,EUR
PLCO_GSA_blood_autosomal_mCAs,SC187831_PB99465_G09,F,chr15,62621966,101991189,39369223,N,T,10609,Loss,0.0346,EUR
PLCO_GSA_blood_autosomal_mCAs,SC187846_PB99465_F11,F,chr9,68429129,138394717,69965588,N,T,17434,Loss,0.0351,EUR
PLCO_GSA_blood_autosomal_mCAs,SC187872_PB99466_H02,M,chr15,19725254,101991189,82265935,C,T,20416,Loss,0.0147,EUR
PLCO_GSA_blood_autosomal_mCAs,SC187907_PB99466_D07,M,chr20,31640354,47324597,15684243,N,Y,3792,Loss,0.162,EUR
PLCO_GSA_blood_autosomal_mCAs,SC188050_PC01393_B01,F,chr9,0,138394717,138394717,T,T,27978,Loss,0.0092,EUR
PLCO_GSA_blood_autosomal_mCAs,SC188457_PC01396_G12,F,chr3,0,83120825,83120825,T,N,21100,Loss,0.0215,EUR
PLCO_GSA_blood_autosomal_mCAs,SC188493_PC01397_A05,M,chr14,62012012,71606705,9594693,N,Y,2331,Loss,0.1841,EUR
PLCO_GSA_blood_autosomal_mCAs,SC188499_PC01397_G05,F,chr9,75384438,138394717,63010279,N,T,16066,Loss,0.0241,EUR
PLCO_GSA_blood_autosomal_mCAs,SC188590_PC01398_A04,F,chr12,0,133275309,133275309,T,T,31895,Loss,0.0102,EUR
PLCO_GSA_blood_autosomal_mCAs,SC188600_PC01398_D05,F,chr11,104789215,119326205,14536990,N,Y,3954,Loss,0.0503,EUR
PLCO_GSA_blood_autosomal_mCAs,SC188668_PC01398_F12,F,chr3,148141737,198295559,50153822,N,T,12071,Loss,0.044,EUR
PLCO_GSA_blood_autosomal_mCAs,SC188695_PC01399_G08,M,chr11,0,43284383,43284383,T,N,11751,Loss,0.0186,EUR
PLCO_GSA_blood_autosomal_mCAs,SC188716_PC01399_D06,F,chr1,111726044,113980843,2254799,Y,N,511,Loss,0.2272,EUR
PLCO_GSA_blood_autosomal_mCAs,SC188720_PC01399_H06,F,chr9,0,32923484,32923484,T,N,9138,Loss,0.0808,EUR
PLCO_GSA_blood_autosomal_mCAs,SC189157_PC01403_A03,M,chr4,0,190214555,190214555,T,T,40735,Loss,0.0302,EUR
PLCO_GSA_blood_autosomal_mCAs,SC189157_PC01403_A03,M,chr13,47971838,51818137,3846299,N,Y,845,Loss,0.399,EUR
PLCO_GSA_blood_autosomal_mCAs,SC189157_PC01403_A03,M,chr13,52009976,114364328,62354352,N,T,13585,Loss,0.0241,EUR
PLCO_GSA_blood_autosomal_mCAs,SC189320_PC01405_A06,F,chr18,0,15165363,15165363,T,N,4239,Loss,0.1017,EUR
PLCO_GSA_blood_autosomal_mCAs,SC189331_PC01405_E07,M,chr17,75818151,83257441,7439290,N,T,2636,Loss,0.0318,EUR
PLCO_GSA_blood_autosomal_mCAs,SC189385_PC01406_C02,F,chr4,76014110,190214555,114200445,N,T,23983,Loss,0.0336,EUR
PLCO_GSA_blood_autosomal_mCAs,SC189469_PC01406_C12,M,chr20,32239479,50787463,18547984,N,Y,4557,Loss,0.1442,EUR
PLCO_GSA_blood_autosomal_mCAs,SC189474_PC01406_G12,F,chr9,68425254,138394717,69969463,N,T,17431,Loss,0.0784,EUR
PLCO_GSA_blood_autosomal_mCAs,SC189529_PC01407_C07,M,chr12,130630524,133275309,2644785,N,T,801,Loss,0.0639,EUR
PLCO_GSA_blood_autosomal_mCAs,SC189599_PC01408_C04,F,chr22,48440613,50818468,2377855,N,T,1019,Loss,0.0527,EUR
PLCO_GSA_blood_autosomal_mCAs,SC189654_PC01408_F10,M,chr20,32629483,46188097,13558614,N,Y,3284,Loss,0.259,EUR
PLCO_GSA_blood_autosomal_mCAs,SC189697_PC01409_H03,F,chr8,0,35275604,35275604,T,N,10931,Loss,0.041,AFR_EUR
PLCO_GSA_blood_autosomal_mCAs,SC189769_PC01409_E12,M,chr19,0,14717554,14717554,T,N,4962,Loss,0.0296,EUR
PLCO_GSA_blood_autosomal_mCAs,SC189818_PC01410_D06,F,chr19,0,5518079,5518079,T,N,2003,Loss,0.0406,EUR
PLCO_GSA_blood_autosomal_mCAs,SC189961_PC01411_F10,F,chr14,91153616,107043718,15890102,N,T,4316,Loss,0.035,EUR
PLCO_GSA_blood_autosomal_mCAs,SC190071_PC01412_H08,M,chr13,50237015,74543860,24306845,N,Y,4675,Loss,0.0667,EUR
PLCO_GSA_blood_autosomal_mCAs,SC190258_PC01414_E08,F,chr9,0,38771834,38771834,T,N,10483,Loss,0.0976,EUR
PLCO_GSA_blood_autosomal_mCAs,SC190302_PC01415_C02,M,chr19,0,14192107,14192107,T,N,4831,Loss,0.069,EUR
PLCO_GSA_blood_autosomal_mCAs,SC190464_PC01416_G09,F,chr9,73252052,138394717,65142665,N,T,16437,Loss,0.0408,EUR
PLCO_GSA_blood_autosomal_mCAs,SC190542_PC01417_D07,F,chr6,0,33492052,33492052,T,N,7685,Loss,0.0987,EUR
PLCO_GSA_blood_autosomal_mCAs,SC190555_PC01417_A09,F,chr14,18173523,107043718,88870195,C,T,21397,Loss,0.0291,ASN
PLCO_GSA_blood_autosomal_mCAs,SC190645_PC01418_A08,F,chr16,49835872,56972678,7136806,N,Y,2010,Loss,0.0543,EUR
PLCO_GSA_blood_autosomal_mCAs,SC190706_PC01419_F03,F,chr14,22559062,46987033,24427971,N,Y,5651,Loss,0.0631,AFR
PLCO_GSA_blood_autosomal_mCAs,SC190765_PC01419_F10,F,chr19,53312465,58617616,5305151,N,T,1652,Loss,0.0648,EUR
PLCO_GSA_blood_autosomal_mCAs,SC190872_PC01420_F11,F,chr6,114468961,155965252,41496291,N,Y,9256,Loss,0.0386,EUR
PLCO_GSA_blood_autosomal_mCAs,SC191244_PC01424_F01,F,chr17,0,22710664,22710664,T,N,6755,Loss,0.0311,ASN
PLCO_GSA_blood_autosomal_mCAs,SC191272_PC01424_A05,M,chr13,54539148,114364328,59825180,N,T,13146,Loss,0.0155,EUR
PLCO_GSA_blood_autosomal_mCAs,SC191457_PC01426_C03,M,chr14,18173523,107043718,88870195,C,T,21401,Loss,0.0187,EUR
PLCO_GSA_blood_autosomal_mCAs,SC191478_PC01426_F05,F,chr4,0,47405613,47405613,T,N,11651,Loss,0.0202,ASN_EUR
PLCO_GSA_blood_autosomal_mCAs,SC191555_PC01427_A03,M,chr13,34734413,53741670,19007257,N,Y,4426,Loss,0.0979,EUR
PLCO_GSA_blood_autosomal_mCAs,SC191648_PC01427_G12,F,chr2,0,76770637,76770637,T,N,19897,Loss,0.0253,EUR
PLCO_GSA_blood_autosomal_mCAs,SC191725_PC01428_D10,F,chr14,18173523,107043718,88870195,C,T,21399,Loss,0.0145,EUR
PLCO_GSA_blood_autosomal_mCAs,SC191732_PC01428_C11,F,chr9,68639002,104788966,36149964,N,Y,8040,Loss,0.0913,EUR
PLCO_GSA_blood_autosomal_mCAs,SC191852_PC01430_F01,M,chr5,82920676,112794057,29873381,N,Y,5360,Loss,0.1072,ASN
PLCO_GSA_blood_autosomal_mCAs,SC193813_PC01436_E11,F,chr17,0,19343584,19343584,T,N,6344,Loss,0.4663,EUR
PLCO_GSA_blood_autosomal_mCAs,SC193831_PC01437_G01,F,chr4,185445027,188415511,2970484,N,Y,1151,Loss,0.1752,EUR
PLCO_GSA_blood_autosomal_mCAs,SC194007_PC01438_E11,F,chr6,117505341,141957545,24452204,N,Y,5063,Loss,0.0684,EUR
PLCO_GSA_blood_autosomal_mCAs,SC194075_PC01439_G07,F,chr5,104323906,155795657,51471751,N,Y,11400,Loss,0.0558,EUR
PLCO_GSA_blood_autosomal_mCAs,SC194338_PC01442_H02,F,chr17,29019536,32489780,3470244,N,Y,612,Loss,0.1294,EUR
PLCO_GSA_blood_autosomal_mCAs,SC194583_PC01444_F06,M,chr6,89989540,151681797,61692257,N,Y,12886,Loss,0.0567,EUR
PLCO_GSA_blood_autosomal_mCAs,SC194805_PC01446_B07,M,chr6,61447383,170805979,109358596,N,T,23621,Loss,0.0568,EUR
PLCO_GSA_blood_autosomal_mCAs,SC194949_PC01448_C01,F,chr20,37181380,48818502,11637122,N,Y,3039,Loss,0.0651,EUR
PLCO_GSA_blood_autosomal_mCAs,SC195427_PC01450_D08,F,chr9,69768560,138394717,68626157,N,T,17118,Loss,0.0151,EUR
PLCO_GSA_blood_autosomal_mCAs,SC195446_PC01450_H10,F,chr11,103539340,135086622,31547282,N,T,9086,Loss,0.0876,EUR
PLCO_GSA_blood_autosomal_mCAs,SC195513_PC01451_E07,M,chr8,0,33318089,33318089,T,N,10635,Loss,0.0511,AFR_EUR
PLCO_GSA_blood_autosomal_mCAs,SC195542_PC01451_A11,F,chr7,30724887,41449716,10724829,Y,N,2572,Loss,0.0661,EUR
PLCO_GSA_blood_autosomal_mCAs,SC195587_PC01452_B04,M,chr20,35319358,64444167,29124809,N,T,8036,Loss,0.0262,EUR
PLCO_GSA_blood_autosomal_mCAs,SC195786_PC01454_D04,F,chr11,78337478,112153104,33815626,N,Y,7688,Loss,0.0723,EUR
PLCO_GSA_blood_autosomal_mCAs,SC195917_PC01455_H07,F,chr11,100447488,112062033,11614545,N,Y,2695,Loss,0.0949,EUR
PLCO_GSA_blood_autosomal_mCAs,SC196009_PC01456_A06,F,chr13,30880384,57978107,27097723,N,Y,6531,Loss,0.1193,EUR
PLCO_GSA_blood_autosomal_mCAs,SC196160_PC01457_H10,M,chr1,147037378,248956422,101919044,N,T,24938,Loss,0.0126,EUR
PLCO_GSA_blood_autosomal_mCAs,SC196160_PC01457_H10,M,chr14,18173523,107043718,88870195,C,T,21388,Loss,0.0114,EUR
PLCO_GSA_blood_autosomal_mCAs,SC196168_PC01457_G11,F,chr7,0,42499340,42499340,T,N,11627,Loss,0.0175,EUR
PLCO_GSA_blood_autosomal_mCAs,SC196208_PC01458_C04,F,chr6,60363963,170805979,110442016,N,T,23730,Loss,0.0111,EUR
PLCO_GSA_blood_autosomal_mCAs,SC196342_PC01459_E07,F,chr9,0,36851186,36851186,T,N,9987,Loss,0.0511,EUR
PLCO_GSA_blood_autosomal_mCAs,SC196531_PC01461_H02,M,chr13,46228533,73969649,27741116,N,Y,5385,Loss,0.0367,EUR
PLCO_GSA_blood_autosomal_mCAs,SC196617_PC01462_B01,F,chr22,39011394,50818468,11807074,N,T,3753,Loss,0.026,EUR
PLCO_GSA_blood_autosomal_mCAs,SC196636_PC01462_B03,F,chr3,178854209,198295559,19441350,N,T,5336,Loss,0.0355,EUR
PLCO_GSA_blood_autosomal_mCAs,SC196636_PC01462_B03,F,chr22,34774805,50818468,16043663,N,T,4977,Loss,0.0422,EUR
PLCO_GSA_blood_autosomal_mCAs,SC196689_PC01462_D09,M,chr16,83741747,90338345,6596598,N,T,2771,Loss,0.0371,EUR
PLCO_GSA_blood_autosomal_mCAs,SC196922_PC01464_H11,M,chr6,93211838,170805979,77594141,N,T,17578,Loss,0.0103,EUR
PLCO_GSA_blood_autosomal_mCAs,SC196991_PC01465_G07,F,chr9,0,38357068,38357068,T,N,10344,Loss,0.0738,EUR
PLCO_GSA_blood_autosomal_mCAs,SC196991_PC01465_G07,F,chr20,36904156,57060927,20156771,N,Y,5228,Loss,0.582,EUR
PLCO_GSA_blood_autosomal_mCAs,SC197064_PC01466_F04,F,chr2,0,31024619,31024619,T,N,8387,Loss,0.0213,EUR
PLCO_GSA_blood_autosomal_mCAs,SC197178_PC01467_A05,F,chr9,68505097,138394717,69889620,N,T,17420,Loss,0.109,EUR
PLCO_GSA_blood_autosomal_mCAs,SC197188_PC01467_B06,F,chr19,0,22452250,22452250,T,N,6824,Loss,0.1826,EUR
PLCO_GSA_blood_autosomal_mCAs,SC197243_PC01467_G12,M,chr11,1610950,3627015,2016065,Y,N,857,Loss,0.2827,EUR
PLCO_GSA_blood_autosomal_mCAs,SC197568_PB99434_G07,F,chr22,25980575,29207807,3227232,N,Y,991,Loss,0.0891,EUR
PLCO_GSA_blood_autosomal_mCAs,SC197653_PB99435_A05,F,chr9,0,35136149,35136149,T,N,9636,Loss,0.0469,EUR
PLCO_GSA_blood_autosomal_mCAs,SC197741_PB99436_C03,M,chr2,20901985,25209408,4307423,Y,N,1083,Loss,0.5206,EUR
PLCO_GSA_blood_autosomal_mCAs,SC197771_PB99436_F06,F,chr11,83777981,135086622,51308641,N,T,13508,Loss,0.0434,EUR
PLCO_GSA_blood_autosomal_mCAs,SC197821_PB99436_F11,M,chr11,107968485,114793273,6824788,N,Y,1876,Loss,0.2157,EUR
PLCO_GSA_blood_autosomal_mCAs,SC198015_PB99438_E09,M,chr4,0,39585155,39585155,T,N,10135,Loss,0.0388,EUR
PLCO_GSA_blood_autosomal_mCAs,SC198015_PB99438_E09,M,chr8,0,35501104,35501104,T,N,10964,Loss,0.1934,EUR
PLCO_GSA_blood_autosomal_mCAs,SC198015_PB99438_E09,M,chr8,35722781,41720232,5997451,Y,N,1199,Loss,0.1102,EUR
PLCO_GSA_blood_autosomal_mCAs,SC198015_PB99438_E09,M,chr11,88639516,134813967,46174451,N,Y,12382,Loss,0.5215,EUR
PLCO_GSA_blood_autosomal_mCAs,SC198015_PB99438_E09,M,chr13,48150184,51157536,3007352,N,Y,683,Loss,0.2821,EUR
PLCO_GSA_blood_autosomal_mCAs,SC198015_PB99438_E09,M,chr18,0,30568418,30568418,T,Y,6259,Loss,0.0778,EUR
PLCO_GSA_blood_autosomal_mCAs,SC198176_PB99440_D03,F,chr12,88418486,95663347,7244861,N,Y,1622,Loss,0.1087,EUR
PLCO_GSA_blood_autosomal_mCAs,SC198325_PB99441_H03,M,chr20,32299381,48483701,16184320,N,Y,4003,Loss,0.3001,ASN
PLCO_GSA_blood_autosomal_mCAs,SC198363_PB99441_E08,M,chr16,0,31390784,31390784,T,N,8968,Loss,0.0324,ASN
PLCO_GSA_blood_autosomal_mCAs,SC198457_PB99442_H06,M,chr13,48096945,51095722,2998777,N,Y,668,Loss,0.4716,EUR
PLCO_GSA_blood_autosomal_mCAs,SC198578_PB99443_F07,F,chr13,45787089,74060835,28273746,N,Y,5526,Loss,0.0277,EUR
PLCO_GSA_blood_autosomal_mCAs,SC199405_PB100120_G06,F,chr7,0,57201202,57201202,T,N,15044,Loss,0.0455,ASN
PLCO_GSA_blood_autosomal_mCAs,SC199405_PB100120_G06,F,chr17,0,83257441,83257441,T,T,21312,Loss,0.019,ASN
PLCO_GSA_blood_autosomal_mCAs,SC199405_PB100120_G06,F,chr19,27337756,58617616,31279860,N,T,9210,Loss,0.0238,ASN
PLCO_GSA_blood_autosomal_mCAs,SC199405_PB100120_G06,F,chr20,0,25742996,25742996,T,N,6902,Loss,0.0411,ASN
PLCO_GSA_blood_autosomal_mCAs,SC199614_PB100121_H02,F,chr16,53721234,90338345,36617111,N,T,11110,Loss,0.0767,EUR
PLCO_GSA_blood_autosomal_mCAs,SC199664_PB100121_C05,M,chr5,86629366,103748445,17119079,N,Y,2934,Loss,0.0889,EUR
PLCO_GSA_blood_autosomal_mCAs,SC199704_PB100121_G09,F,chr13,44358398,62475631,18117233,N,Y,3499,Loss,0.0641,AFR_EUR
PLCO_GSA_blood_autosomal_mCAs,SC205507_PB100122_H09,F,chr20,32485093,49805143,17320050,N,Y,4242,Loss,0.3254,EUR
PLCO_GSA_blood_autosomal_mCAs,SC206192_PC02897_F09,F,chr16,4941562,11312946,6371384,Y,N,2455,Loss,0.0926,EUR
PLCO_GSA_blood_autosomal_mCAs,SC206320_PC02898_G12,F,chr11,108510917,135086622,26575705,N,T,7909,Loss,0.0707,EUR
PLCO_GSA_blood_autosomal_mCAs,SC206347_PC02899_F03,F,chr9,68608378,138394717,69786339,N,T,17394,Loss,0.0237,EUR
PLCO_GSA_blood_autosomal_mCAs,SC206403_PC02899_C10,F,chr9,0,27155791,27155791,T,N,7883,Loss,0.1789,EUR
PLCO_GSA_blood_autosomal_mCAs,SC206403_PC02899_C10,F,chr9,27164222,36639445,9475223,Y,N,2049,Loss,0.1301,EUR
PLCO_GSA_blood_autosomal_mCAs,SC206640_PC02902_B02,F,chr3,62440565,90099836,27659271,Y,N,5412,Loss,0.0892,EUR
PLCO_GSA_blood_autosomal_mCAs,SC206818_PC02903_F10,F,chr7,100825743,159345973,58520230,N,T,13971,Loss,0.2057,EUR
PLCO_GSA_blood_autosomal_mCAs,SC206818_PC02903_F10,F,chr11,95259171,113233274,17974103,N,Y,4200,Loss,0.0958,EUR
PLCO_GSA_blood_autosomal_mCAs,SC207037_PC02905_A10,M,chr20,32485093,56620734,24135641,N,Y,5973,Loss,0.2743,EUR
PLCO_GSA_blood_autosomal_mCAs,SC207111_PC02906_G06,F,chr9,70479379,138394717,67915338,N,T,16977,Loss,0.0486,EUR
PLCO_GSA_blood_autosomal_mCAs,SC207177_PC02907_D02,F,chr11,78063553,135086622,57023069,N,T,14895,Loss,0.0868,EUR
PLCO_GSA_blood_autosomal_mCAs,SC207217_PC02907_C06,F,chr9,0,138394717,138394717,T,T,27972,Loss,0.013,ADMIXED_EUR
PLCO_GSA_blood_autosomal_mCAs,SC207239_PC02907_H08,F,chr22,15054318,50818468,35764150,C,T,9808,Loss,0.0503,EUR
PLCO_GSA_blood_autosomal_mCAs,SC207304_PC02908_E04,F,chr7,0,47080387,47080387,T,N,12747,Loss,0.0448,EUR
PLCO_GSA_blood_autosomal_mCAs,SC207569_PC02911_C01,M,chr20,31858327,50546698,18688371,N,Y,4562,Loss,0.4217,EUR
PLCO_GSA_blood_autosomal_mCAs,SC207769_PC02913_B02,M,chr22,15054318,50818468,35764150,C,T,9812,Loss,0.0324,EUR
PLCO_GSA_blood_autosomal_mCAs,SC207770_PC02913_C02,M,chr17,30566629,35558628,4991999,N,Y,1296,Loss,0.2138,EUR
PLCO_GSA_blood_autosomal_mCAs,SC207811_PC02913_B07,M,chr3,0,198295559,198295559,T,T,45405,Loss,0.0167,EUR
PLCO_GSA_blood_autosomal_mCAs,SC208026_PC02915_H08,M,chr14,104018309,106542224,2523915,N,Y,527,Loss,0.3911,EUR
PLCO_GSA_blood_autosomal_mCAs,SC208508_PC02781_F06,F,chr5,83926304,159083046,75156742,N,Y,15647,Loss,0.2523,EUR
PLCO_GSA_blood_autosomal_mCAs,SC208551_PC02781_B12,F,chr7,146507260,154804807,8297547,N,Y,2546,Loss,0.0732,EUR
PLCO_GSA_blood_autosomal_mCAs,SC208589_PC02782_F04,F,chr20,32888858,52235524,19346666,N,Y,4827,Loss,0.0981,EUR
PLCO_GSA_blood_autosomal_mCAs,SC208640_PC02782_A11,F,chr12,88528829,93410950,4882121,N,Y,950,Loss,0.514,EUR
PLCO_GSA_blood_autosomal_mCAs,SC208683_PC02783_C04,M,chr2,0,88165407,88165407,T,N,22003,Loss,0.0179,EUR
PLCO_GSA_blood_autosomal_mCAs,SC208786_PC02784_D05,F,chr8,55530706,145138636,89607930,N,T,19093,Loss,0.0167,EUR
PLCO_GSA_blood_autosomal_mCAs,SC208890_PC02785_D04,F,chr20,32334043,52937772,20603729,N,Y,5065,Loss,0.1004,EUR
PLCO_GSA_blood_autosomal_mCAs,SC208946_PC02785_G10,F,chr4,103661954,106381103,2719149,N,Y,517,Loss,0.2534,EUR
PLCO_GSA_blood_autosomal_mCAs,SC209204_PC02788_F05,M,chr6,106443992,144709148,38265156,N,Y,8004,Loss,0.0302,AFR_EUR
PLCO_GSA_blood_autosomal_mCAs,SC209229_PC02788_H08,F,chr5,82802024,120364868,37562844,N,Y,7267,Loss,0.1093,EUR
PLCO_GSA_blood_autosomal_mCAs,SC209253_PC02788_H11,F,chr22,27039615,50818468,23778853,N,T,6959,Loss,0.1227,EUR
PLCO_GSA_blood_autosomal_mCAs,SC209405_PC02888_G05,M,chr11,84373705,135086622,50712917,N,T,13390,Loss,0.0307,EUR
PLCO_GSA_blood_autosomal_mCAs,SC209407_PC02888_B06,M,chr5,75895625,115465215,39569590,N,Y,7733,Loss,0.0916,EUR
PLCO_GSA_blood_autosomal_mCAs,SC209460_PC02790_A06,F,chr13,38796458,64923076,26126618,N,Y,5336,Loss,0.0746,EUR
PLCO_GSA_blood_autosomal_mCAs,SC209511_PC02790_B12,M,chr1,154715721,248956422,94240701,N,T,23530,Loss,0.0168,EUR
PLCO_GSA_blood_autosomal_mCAs,SC209522_PC02791_C01,M,chr13,47663588,60811568,13147980,N,Y,2377,Loss,0.2575,EUR
PLCO_GSA_blood_autosomal_mCAs,SC209929_PC02795_B03,M,chr20,31633301,64444167,32810866,N,T,8791,Loss,0.0345,EUR
PLCO_GSA_blood_autosomal_mCAs,SC210517_PC05470_H04,M,chr20,32593105,48882584,16289479,N,Y,4013,Loss,0.245,EUR
PLCO_GSA_blood_autosomal_mCAs,SC210639_PC05471_B08,M,chr6,62597979,141624010,79026031,N,Y,15628,Loss,0.0654,ASN_EUR
PLCO_GSA_blood_autosomal_mCAs,SC210663_PC05471_H10,M,chr20,37628007,52748151,15120144,N,Y,3888,Loss,0.0773,EUR
PLCO_GSA_blood_autosomal_mCAs,SC210707_PC05472_D04,M,chr13,46052326,51768070,5715744,N,Y,1335,Loss,0.3557,EUR
PLCO_GSA_blood_autosomal_mCAs,SC210806_PC05473_G04,F,chr8,0,35084122,35084122,T,N,10910,Loss,0.0707,EUR
PLCO_GSA_blood_autosomal_mCAs,SC210931_PC05474_G07,M,chr5,3855017,19458945,15603928,Y,N,3749,Loss,0.1131,EUR
PLCO_GSA_blood_autosomal_mCAs,SC210931_PC05474_G07,M,chr13,31209497,65835702,34626205,N,Y,7814,Loss,0.1008,EUR
PLCO_GSA_blood_autosomal_mCAs,SC210939_PC05474_F08,F,chr6,0,16646927,16646927,T,N,4908,Loss,0.0459,EUR
PLCO_GSA_blood_autosomal_mCAs,SC211124_PC05476_G07,F,chr11,79877972,117491359,37613387,N,Y,8875,Loss,0.0629,EUR
PLCO_GSA_blood_autosomal_mCAs,SC211141_PC05476_H09,M,chr1,0,106914200,106914200,T,N,25103,Loss,0.0273,EUR
PLCO_GSA_blood_autosomal_mCAs,SC211188_PC05477_F03,M,chr12,109594439,133275309,23680870,N,T,6812,Loss,0.04,EUR
PLCO_GSA_blood_autosomal_mCAs,SC211280_PC05478_F03,F,chr11,91501751,135086622,43584871,N,T,12009,Loss,0.0411,EUR
PLCO_GSA_blood_autosomal_mCAs,SC211442_PC05479_H11,M,chr7,102824435,159345973,56521538,N,T,13534,Loss,0.0256,EUR
PLCO_GSA_blood_autosomal_mCAs,SC211484_PC05480_G04,M,chr3,24187486,30230217,6042731,Y,N,1497,Loss,0.0797,EUR
PLCO_GSA_blood_autosomal_mCAs,SC211485_PC05480_H04,F,chr4,0,190214555,190214555,T,T,40742,Loss,0.0128,EUR
PLCO_GSA_blood_autosomal_mCAs,SC211796_PC05483_D05,M,chr20,35132130,49323953,14191823,N,Y,3580,Loss,0.1273,EUR
PLCO_GSA_blood_autosomal_mCAs,SC211823_PC05483_C08,F,chr3,0,48678642,48678642,T,N,13403,Loss,0.0624,EUR
PLCO_GSA_blood_autosomal_mCAs,SC211908_PC05484_E06,M,chr11,79159836,135086622,55926786,N,T,14596,Loss,0.046,EUR
PLCO_GSA_blood_autosomal_mCAs,SC211934_PC05484_E09,M,chr20,33128063,46792863,13664800,N,Y,3315,Loss,0.0586,EUR
PLCO_GSA_blood_autosomal_mCAs,SC212132_PC05486_E09,F,chr22,45596269,50818468,5222199,N,T,1933,Loss,0.0711,EUR
PLCO_GSA_blood_autosomal_mCAs,SC212255_PC08121_A05,M,chr10,9822023,12534813,2712790,Y,N,771,Loss,0.1017,EUR
PLCO_GSA_blood_autosomal_mCAs,SC212285_PC08121_B09,F,chr2,24278210,26969333,2691123,Y,N,660,Loss,0.4261,EUR
PLCO_GSA_blood_autosomal_mCAs,SC212340_PC08122_D04,M,chr13,34873950,69809744,34935794,N,Y,7062,Loss,0.0433,EUR
PLCO_GSA_blood_autosomal_mCAs,SC212511_PC08123_H01,F,chr5,96909814,132505617,35595803,N,Y,7198,Loss,0.0837,EUR
PLCO_GSA_blood_autosomal_mCAs,SC212515_PC08123_D02,F,chr20,32299381,51424333,19124952,N,Y,4713,Loss,0.0744,EUR
PLCO_GSA_blood_autosomal_mCAs,SC212521_PC08123_C03,M,chr1,0,108725951,108725951,T,N,25459,Loss,0.0232,EUR
PLCO_GSA_blood_autosomal_mCAs,SC212730_PC08125_G05,M,chr20,33002880,50794732,17791852,N,Y,4401,Loss,0.0887,EUR
PLCO_GSA_blood_autosomal_mCAs,SC212757_PC08125_H08,M,chr16,10341351,13100554,2759203,Y,N,938,Loss,0.2172,EUR
PLCO_GSA_blood_autosomal_mCAs,SC212872_PC08126_D11,M,chr6,139423133,142084759,2661626,N,Y,362,Loss,0.3413,EUR
PLCO_GSA_blood_autosomal_mCAs,SC212872_PC08126_D11,M,chr6,161448280,165272623,3824343,N,Y,1017,Loss,0.321,EUR
PLCO_GSA_blood_autosomal_mCAs,SC213025_PC08128_A06,F,chr3,0,85037252,85037252,T,N,21330,Loss,0.0301,EUR
PLCO_GSA_blood_autosomal_mCAs,SC213068_PC08128_E10,F,chr9,0,138394717,138394717,T,T,27984,Loss,0.0811,EUR
PLCO_GSA_blood_autosomal_mCAs,SC213240_PC08130_F06,F,chr2,30758074,40418795,9660721,Y,N,2428,Loss,0.4081,EUR
PLCO_GSA_blood_autosomal_mCAs,SC213394_PC08131_D12,M,chr13,18051248,114364328,96313080,C,T,22656,Loss,0.0233,EUR
PLCO_GSA_blood_autosomal_mCAs,SC213487_PC08132_G11,M,chr1,15498700,25482457,9983757,Y,N,2912,Loss,0.0857,EUR
PLCO_GSA_blood_autosomal_mCAs,SC213596_PC08134_B01,F,chr5,82828909,115376358,32547449,N,Y,6019,Loss,0.0583,EUR
PLCO_GSA_blood_autosomal_mCAs,SC213785_PC08135_A10,F,chr13,63696126,87536268,23840142,N,Y,4670,Loss,0.1437,EUR
PLCO_GSA_blood_autosomal_mCAs,SC214025_PC08138_D03,M,chr8,0,25989088,25989088,T,N,8938,Loss,0.0492,EUR
PLCO_GSA_blood_autosomal_mCAs,SC214025_PC08138_D03,M,chr11,80322797,117818834,37496037,N,Y,8915,Loss,0.0504,EUR
PLCO_GSA_blood_autosomal_mCAs,SC214306_PC05489_D07,F,chr9,0,10727372,10727372,T,N,3552,Loss,0.0266,EUR
PLCO_GSA_blood_autosomal_mCAs,SC214339_PC05489_C11,M,chr3,43858251,88435044,44576793,Y,N,9516,Loss,0.0532,EUR
PLCO_GSA_blood_autosomal_mCAs,SC214339_PC05489_C11,M,chr11,96516160,127654951,31138791,N,Y,8343,Loss,0.051,EUR
PLCO_GSA_blood_autosomal_mCAs,SC214451_PC05490_H12,M,chr20,32760698,64444167,31683469,N,T,8595,Loss,0.034,EUR
PLCO_GSA_blood_autosomal_mCAs,SC214544_PC05491_C10,F,chr17,28953208,33212563,4259355,N,Y,836,Loss,0.1126,AFR
PLCO_GSA_blood_autosomal_mCAs,SC214573_PC05492_F01,F,chr8,0,25753286,25753286,T,N,8876,Loss,0.1983,AFR
PLCO_GSA_blood_autosomal_mCAs,SC214573_PC05492_F01,F,chr8,27934249,43003156,15068907,Y,N,3031,Loss,0.1885,AFR
PLCO_GSA_blood_autosomal_mCAs,SC214588_PC05492_D03,M,chr14,72131234,95844446,23713212,N,Y,6001,Loss,0.0481,EUR
PLCO_GSA_blood_autosomal_mCAs,SC214603_PC05492_B05,F,chr11,94517213,135086622,40569409,N,T,11288,Loss,0.0324,EUR
PLCO_GSA_blood_autosomal_mCAs,SC215004_PC05496_B05,F,chr5,85217095,160940790,75723695,N,Y,15912,Loss,0.036,EUR
PLCO_GSA_blood_autosomal_mCAs,SC215013_PC05496_D06,M,chr15,19725254,101991189,82265935,C,T,20427,Loss,0.0184,EUR
PLCO_GSA_blood_autosomal_mCAs,SC215176_PC05498_D01,M,chr13,49356233,51737120,2380887,N,Y,579,Loss,0.1218,EUR
PLCO_GSA_blood_autosomal_mCAs,SC215186_PC05498_G02,M,chr3,67927560,73932272,6004712,Y,N,1480,Loss,0.1176,ASN
PLCO_GSA_blood_autosomal_mCAs,SC215221_PC05498_A07,F,chr9,0,36118474,36118474,T,N,9858,Loss,0.0913,ASN
PLCO_GSA_blood_autosomal_mCAs,SC215255_PC05498_B11,F,chr8,46967851,145138636,98170785,N,T,20569,Loss,0.0342,EUR
PLCO_GSA_blood_autosomal_mCAs,SC215401_PC05500_F01,M,chr11,76613032,135086622,58473590,N,T,15263,Loss,0.0306,EUR
PLCO_GSA_blood_autosomal_mCAs,SC215433_PC05500_G05,M,chr4,104262080,106502007,2239927,N,Y,452,Loss,0.1248,EUR
PLCO_GSA_blood_autosomal_mCAs,SC215561_PC05501_G08,F,chr9,69293145,138394717,69101572,N,T,17194,Loss,0.0281,EUR
PLCO_GSA_blood_autosomal_mCAs,SC215774_PC05562_C03,M,chr8,0,145138636,145138636,T,T,33359,Loss,0.0186,EUR
PLCO_GSA_blood_autosomal_mCAs,SC215774_PC05562_C03,M,chr20,32602191,49517012,16914821,N,Y,4154,Loss,0.421,EUR
PLCO_GSA_blood_autosomal_mCAs,SC215806_PC05503_D08,F,chr13,33973115,79575568,45602453,N,Y,9592,Loss,0.1398,EUR
PLCO_GSA_blood_autosomal_mCAs,SC215885_PC05504_D04,F,chr5,94980303,138924301,43943998,N,Y,9080,Loss,0.1227,EUR
PLCO_GSA_blood_autosomal_mCAs,SC215885_PC05504_D04,F,chr9,0,38404108,38404108,T,N,10383,Loss,0.0376,EUR
PLCO_GSA_blood_autosomal_mCAs,SC215885_PC05504_D04,F,chr20,32922310,50995049,18072739,N,Y,4480,Loss,0.4125,EUR
PLCO_GSA_blood_autosomal_mCAs,SC217504_PC02683_A01,M,chr14,63511017,85099261,21588244,N,Y,5086,Loss,0.0405,EUR
PLCO_GSA_blood_autosomal_mCAs,SC217517_PC02683_E02,M,chr7,0,159345973,159345973,T,T,36456,Loss,0.0077,EUR
PLCO_GSA_blood_autosomal_mCAs,SC217518_PC02683_F02,F,chr11,99967444,115124678,15157234,N,Y,3657,Loss,0.0437,EUR
PLCO_GSA_blood_autosomal_mCAs,SC217621_PC02684_B03,F,chr7,120059220,146115177,26055957,N,Y,5581,Loss,0.1086,EUR
PLCO_GSA_blood_autosomal_mCAs,SC217621_PC02684_B03,F,chr7,146184909,159345973,13161064,N,T,4172,Loss,0.0308,EUR
PLCO_GSA_blood_autosomal_mCAs,SC217641_PC02684_F05,F,chr9,68418622,138394717,69976095,N,T,17441,Loss,0.0347,EUR
PLCO_GSA_blood_autosomal_mCAs,SC217646_PC02684_A06,F,chr11,126116767,135086622,8969855,N,T,2864,Loss,0.3379,ASN
PLCO_GSA_blood_autosomal_mCAs,SC217646_PC02684_A06,F,chr22,16746571,24114019,7367448,N,Y,1906,Loss,0.3659,ASN
PLCO_GSA_blood_autosomal_mCAs,SC217725_PC02685_H03,F,chr20,32676663,51881367,19204704,N,Y,4793,Loss,0.4743,EUR
PLCO_GSA_blood_autosomal_mCAs,SC217749_PC02685_H06,F,chr17,28513289,83257441,54744152,N,T,14247,Loss,0.0302,EUR
PLCO_GSA_blood_autosomal_mCAs,SC217915_PC01472_E03,F,chr19,0,14467895,14467895,T,N,4885,Loss,0.0576,EUR
PLCO_GSA_blood_autosomal_mCAs,SC217982_PC01472_D11,F,chr11,0,135086622,135086622,T,T,33963,Loss,0.0138,EUR
PLCO_GSA_blood_autosomal_mCAs,SC218005_PC01473_H01,F,chr2,160195008,167843979,7648971,N,Y,1994,Loss,0.5183,EUR
PLCO_GSA_blood_autosomal_mCAs,SC218056_PC01473_C07,F,chr9,0,25804287,25804287,T,N,7581,Loss,0.0443,AFR_EUR
PLCO_GSA_blood_autosomal_mCAs,SC218064_PC01473_C08,F,chr1,0,111596386,111596386,T,N,26340,Loss,0.0316,EUR
PLCO_GSA_blood_autosomal_mCAs,SC218069_PC01473_G08,F,chr7,0,33959897,33959897,T,N,9683,Loss,0.0218,EUR
PLCO_GSA_blood_autosomal_mCAs,SC218069_PC01473_G08,F,chr11,75218709,135086622,59867913,N,T,15590,Loss,0.0165,EUR
PLCO_GSA_blood_autosomal_mCAs,SC218069_PC01473_G08,F,chr22,15054318,50818468,35764150,C,T,9814,Loss,0.0265,EUR
PLCO_GSA_blood_autosomal_mCAs,SC218133_PC01474_D04,M,chr13,33684604,49895953,16211349,N,Y,3815,Loss,0.2904,EUR
PLCO_GSA_blood_autosomal_mCAs,SC218133_PC01474_D04,M,chr13,50781712,70314901,19533189,N,Y,3441,Loss,0.2945,EUR
PLCO_GSA_blood_autosomal_mCAs,SC218138_PC01474_A05,M,chr21,17415195,46709983,29294788,N,T,7687,Loss,0.0503,EUR
PLCO_GSA_blood_autosomal_mCAs,SC218161_PC01474_A08,F,chr16,0,30907166,30907166,T,N,8823,Loss,0.0263,EUR
PLCO_GSA_blood_autosomal_mCAs,SC218698_PC01479_A11,M,chr11,89638124,135086622,45448498,N,T,12256,Loss,0.0371,EUR
PLCO_GSA_blood_autosomal_mCAs,SC218698_PC01479_A11,M,chr16,51996833,90338345,38341512,N,T,11506,Loss,0.032,EUR
PLCO_GSA_blood_autosomal_mCAs,SC218827_PC01480_F05,F,chr18,26663646,80373285,53709639,N,T,12683,Loss,0.0428,EUR
PLCO_GSA_blood_autosomal_mCAs,SC218828_PC01480_G05,M,chr11,80485959,126599907,46113948,N,Y,11581,Loss,0.1939,EUR
PLCO_GSA_blood_autosomal_mCAs,SC219071_PC01476_H07,F,chr9,68501075,138394717,69893642,N,T,17420,Loss,0.0305,EUR
PLCO_GSA_blood_autosomal_mCAs,SC219239_PC01478_A05,F,chr11,95719563,135086622,39367059,N,T,10941,Loss,0.0192,EUR
PLCO_GSA_blood_autosomal_mCAs,SC219253_PC01478_G06,M,chr2,8551029,26611519,18060490,Y,N,4797,Loss,0.4135,EUR
PLCO_GSA_blood_autosomal_mCAs,SC219293_PC01478_D11,F,chr9,0,8799819,8799819,T,N,2918,Loss,0.0566,EUR
PLCO_GSA_blood_autosomal_mCAs,SC261548_PC03790_F02,F,chr17,0,2438056,2438056,T,N,876,Loss,0.0896,EUR
PLCO_GSA_blood_autosomal_mCAs,SC261634_PC08139_B12,M,chr20,38720610,44395409,5674799,N,Y,1395,Loss,0.0632,EUR
PLCO_GSA_blood_autosomal_mCAs,SC261754_PC08140_B12,M,chr20,32100334,34141638,2041304,N,Y,423,Loss,0.1715,ASN
PLCO_GSA_blood_autosomal_mCAs,SC336404_PC26563_D07,F,chr13,48816805,114364328,65547523,N,T,14370,Loss,0.0546,EUR
PLCO_GSA_blood_autosomal_mCAs,SC343126_PC26563_H12,M,chr17,27388651,83257441,55868790,N,T,14461,Loss,0.0576,EUR
PLCO_GSA_blood_autosomal_mCAs,SC363134_PC26565_C10,M,chr10,111280502,133797422,22516920,N,T,6559,Loss,0.0535,EUR
PLCO_GSA_blood_autosomal_mCAs,SC415446_PC17353_F06,M,chr6,125627639,170805979,45178340,N,T,11352,Loss,0.0176,EUR
PLCO_GSA_blood_autosomal_mCAs,SC416015_PC17357_B07,F,chr18,78002173,80373285,2371112,N,T,728,Loss,0.1014,EUR
PLCO_GSA_blood_autosomal_mCAs,SC416107_PC17358_B07,M,chr20,32602191,50484178,17881987,N,Y,4405,Loss,0.1006,EUR
PLCO_GSA_blood_autosomal_mCAs,SC416441_PC17361_F02,F,chr4,0,4261212,4261212,T,N,1167,Loss,0.0464,EUR
PLCO_GSA_blood_autosomal_mCAs,SC416468_PC17361_B06,M,chr17,0,83257441,83257441,T,T,21310,Loss,0.0376,EUR
PLCO_GSA_blood_autosomal_mCAs,SC416564_PC17362_G06,M,chr20,37578557,52276634,14698077,N,Y,3817,Loss,0.1479,ASN
PLCO_GSA_blood_autosomal_mCAs,SC416625_PC17363_E02,M,chr17,0,22693368,22693368,T,N,6752,Loss,0.087,EUR
PLCO_GSA_blood_autosomal_mCAs,SC416636_PC17363_H03,F,chr20,32594006,51122227,18528221,N,Y,4585,Loss,0.1323,EUR
PLCO_GSA_blood_autosomal_mCAs,SC416665_PC17363_B07,F,chr22,20201855,50818468,30616613,N,T,8813,Loss,0.0848,EUR
PLCO_GSA_blood_autosomal_mCAs,SC416708_PC17364_F01,M,chr1,197973355,248956422,50983067,N,T,13667,Loss,0.022,EUR
PLCO_GSA_blood_autosomal_mCAs,SC416718_PC17364_A03,M,chr22,15054318,50818468,35764150,C,T,9811,Loss,0.0155,EUR
PLCO_GSA_blood_autosomal_mCAs,SC416806_PC17365_C02,M,chr1,153227257,248956422,95729165,N,T,23885,Loss,0.0282,EUR
PLCO_GSA_blood_autosomal_mCAs,SC416884_PC17365_D12,F,chr4,0,2364535,2364535,T,N,670,Loss,0.063,EUR
PLCO_GSA_blood_autosomal_mCAs,SC416939_PC17366_E07,F,chr14,40049637,107043718,66994081,N,T,15734,Loss,0.0336,AFR
PLCO_GSA_blood_autosomal_mCAs,SC416973_PC17366_H11,F,chr19,45187517,58617616,13430099,N,T,4441,Loss,0.0664,AFR_EUR
PLCO_GSA_blood_autosomal_mCAs,SC416996_PC17367_H02,F,chr11,0,17315683,17315683,T,N,5635,Loss,0.0693,EUR
PLCO_GSA_blood_autosomal_mCAs,SC417020_PC17367_A06,M,chr14,22485696,107043718,84558022,N,T,20250,Loss,0.0399,AFR_EUR
PLCO_GSA_blood_autosomal_mCAs,SC417029_PC17367_B07,M,chr12,0,133275309,133275309,T,T,31885,Loss,0.0208,EUR
PLCO_GSA_blood_autosomal_mCAs,SC417106_PC17368_B05,F,chr8,0,43549130,43549130,T,N,12589,Loss,0.0154,EUR
PLCO_GSA_blood_autosomal_mCAs,SC417196_PC17369_A05,F,chr1,0,20235896,20235896,T,N,5975,Loss,0.0834,EUR
PLCO_GSA_blood_autosomal_mCAs,SC417227_PC17369_H08,M,chr22,32327736,50818468,18490732,N,T,5647,Loss,0.0313,EUR
PLCO_GSA_blood_autosomal_mCAs,SC417324_PC17370_E09,F,chr4,0,190214555,190214555,T,T,40733,Loss,0.0108,EUR
PLCO_GSA_blood_autosomal_mCAs,SC417411_PC17371_H08,F,chr17,39677347,83257441,43580094,N,T,11728,Loss,0.0937,AFR_EUR
PLCO_GSA_blood_autosomal_mCAs,SC417418_PC17371_G09,F,chr9,134257408,138394717,4137309,N,T,1447,Loss,0.083,EUR
PLCO_GSA_blood_autosomal_mCAs,SC417669_PC17374_E06,M,chr10,79251093,97819905,18568812,N,Y,4343,Loss,0.1244,EUR
PLCO_GSA_blood_autosomal_mCAs,SC417684_PC17374_D08,M,chr7,0,27288686,27288686,T,N,7828,Loss,0.0297,EUR
PLCO_GSA_blood_autosomal_mCAs,SC417714_PC17374_E12,F,chr16,66234657,90338345,24103688,N,T,7879,Loss,0.0349,EUR
PLCO_GSA_blood_autosomal_mCAs,SC420595_PC17376_D06,F,chr15,19725254,101991189,82265935,C,T,20423,Loss,0.0183,EUR
PLCO_GSA_blood_autosomal_mCAs,SC420639_PC17376_H11,M,chr20,33779829,55155993,21376164,N,Y,5304,Loss,0.0456,EUR
PLCO_GSA_blood_autosomal_mCAs,SC420685_PC17377_G05,F,chr2,8618356,26361462,17743106,Y,N,4630,Loss,0.0416,EUR
PLCO_GSA_blood_autosomal_mCAs,SC420695_PC17377_B07,M,chr1,0,22603809,22603809,T,N,6668,Loss,0.0556,ASN_EUR
PLCO_GSA_blood_autosomal_mCAs,SC420797_PC17378_E08,F,chr13,46837850,52446535,5608685,N,Y,1290,Loss,0.1592,EUR
PLCO_GSA_blood_autosomal_mCAs,SC420822_PC17378_G11,F,chr9,71812503,138394717,66582214,N,T,16693,Loss,0.0397,EUR
PLCO_GSA_blood_autosomal_mCAs,SC420856_PC17379_C04,F,chr16,86699915,90338345,3638430,N,T,1285,Loss,0.0446,EUR
PLCO_GSA_blood_autosomal_mCAs,SC420901_PC17379_H09,M,chr12,0,133275309,133275309,T,T,31893,Loss,0.0215,EUR
PLCO_GSA_blood_autosomal_mCAs,SC420943_PC17380_B03,M,chr5,0,2217911,2217911,T,N,793,Loss,0.0746,EUR
PLCO_GSA_blood_autosomal_mCAs,SC420988_PC17380_B09,F,chr18,77891367,80373285,2481918,N,T,759,Loss,0.1204,EUR
PLCO_GSA_blood_autosomal_mCAs,SC421008_PC17380_F11,F,chr20,32602191,51092837,18490646,N,Y,4566,Loss,0.0728,EUR
PLCO_GSA_blood_autosomal_mCAs,SC421086_PC17381_F09,M,chr1,0,121455021,121455021,T,N,28333,Loss,0.0137,EUR
PLCO_GSA_blood_autosomal_mCAs,SC421272_PC17383_A10,F,chr14,24403003,107043718,82640715,N,T,19209,Loss,0.0324,EUR
PLCO_GSA_blood_autosomal_mCAs,SC421353_PC17384_C08,M,chr14,67293821,107043718,39749897,N,T,10004,Loss,0.0638,ASN
PLCO_GSA_blood_autosomal_mCAs,SC446556_PC17385_E06,F,chr6,0,33980847,33980847,T,N,7932,Loss,0.0394,EUR
PLCO_GSA_blood_autosomal_mCAs,SC521376_PC19159_G11,M,chr17,0,13421909,13421909,T,N,4952,Loss,0.0498,EUR
PLCO_GSA_blood_autosomal_mCAs,SC579600_PC26468_B05,M,chr1,150280573,248956422,98675849,N,T,24601,Loss,0.053,EUR
