PLCO_GSA_blood_autosomal_mCAs,SB326556_PB93088_H10,M,chr9,120175347,138394717,18219370,N,T,5305,Gain,0.0577,EUR
PLCO_GSA_blood_autosomal_mCAs,SB355977_PB93107_H06,F,chr6,0,37663992,37663992,T,N,8882,Gain,0.0178,EUR
PLCO_GSA_blood_autosomal_mCAs,SB416769_PB93117_H11,M,chr12,0,133275309,133275309,T,T,31885,Gain,0.0283,EUR
PLCO_GSA_blood_autosomal_mCAs,SB631215_PB92035_G03,M,chr9,68419287,138394717,69975430,N,T,17437,Gain,0.0375,EUR
PLCO_GSA_blood_autosomal_mCAs,SB650424_PC26469_G07,M,chr19,0,10297642,10297642,T,N,3683,Gain,0.0561,EUR
PLCO_GSA_blood_autosomal_mCAs,SB650536_PB92036_F06,M,chr3,167779656,198295559,30515903,N,T,8126,Gain,0.1011,EUR
PLCO_GSA_blood_autosomal_mCAs,SB664765_PB93106_A12,F,chr8,0,145138636,145138636,T,T,33359,Gain,0.469,EUR
PLCO_GSA_blood_autosomal_mCAs,SB664779_PB93106_F10,M,chr15,19725254,101991189,82265935,C,T,20426,Gain,0.0834,EUR
PLCO_GSA_blood_autosomal_mCAs,SB664780_PB93106_A11,M,chr9,68584629,138394717,69810088,N,T,17401,Gain,0.1343,EUR
PLCO_GSA_blood_autosomal_mCAs,SB665885_PB93111_E08,M,chr7,97873828,159345973,61472145,N,T,14716,Gain,0.0303,EUR
PLCO_GSA_blood_autosomal_mCAs,SB668641_PB93114_H02,M,chr9,71803553,138394717,66591164,N,T,16689,Gain,0.0429,EUR
PLCO_GSA_blood_autosomal_mCAs,SB670130_PB93112_G10,M,chr12,0,133275309,133275309,T,T,31893,Gain,0.0318,EUR
PLCO_GSA_blood_autosomal_mCAs,SB670130_PB93112_G10,M,chr19,44951106,58617616,13666510,N,T,4503,Gain,0.0424,EUR
PLCO_GSA_blood_autosomal_mCAs,SB670173_PB93114_F03,M,chr22,30533918,50818468,20284550,N,T,6063,Gain,0.0541,EUR
PLCO_GSA_blood_autosomal_mCAs,SB679031_PB92037_A10,M,chr12,0,133275309,133275309,T,T,31889,Gain,0.0281,EUR
PLCO_GSA_blood_autosomal_mCAs,SB760072_PB93116_H07,M,chr3,192400307,198295559,5895252,N,T,1764,Gain,0.049,EUR
PLCO_GSA_blood_autosomal_mCAs,SB782484_PB92039_H01,M,chr12,0,133275309,133275309,T,T,31891,Gain,0.0187,EUR
PLCO_GSA_blood_autosomal_mCAs,SB782891_PB92039_E02,M,chr9,68419287,138394717,69975430,N,T,17439,Gain,0.0998,EUR
PLCO_GSA_blood_autosomal_mCAs,SB796394_PB92039_A12,M,chr13,64857604,114364328,49506724,N,T,11495,Gain,0.0874,EUR
PLCO_GSA_blood_autosomal_mCAs,SB812489_PB92040_F01,F,chr12,0,133275309,133275309,T,T,31878,Gain,0.2137,EUR
PLCO_GSA_blood_autosomal_mCAs,SB812643_PB92040_H03,F,chr12,0,133275309,133275309,T,T,31887,Gain,0.2729,EUR
PLCO_GSA_blood_autosomal_mCAs,SB812817_PB92040_H04,M,chr12,0,133275309,133275309,T,T,31888,Gain,0.4588,EUR
PLCO_GSA_blood_autosomal_mCAs,SB824159_PB93131_H01,M,chr9,0,33643571,33643571,T,N,9292,Gain,0.1316,EUR
PLCO_GSA_blood_autosomal_mCAs,SB824303_PB92048_B04,F,chr16,0,23877519,23877519,T,N,7274,Gain,0.0319,EUR
PLCO_GSA_blood_autosomal_mCAs,SB824375_PB92048_H06,M,chr7,63071254,159345973,96274719,N,T,21277,Gain,0.0685,EUR
PLCO_GSA_blood_autosomal_mCAs,SB824383_PB92048_F01,F,chr3,51882999,166969277,115086278,Y,Y,23228,Gain,0.1582,EUR
PLCO_GSA_blood_autosomal_mCAs,SB824383_PB92048_F01,F,chr12,0,133275309,133275309,T,T,31893,Gain,0.1561,EUR
PLCO_GSA_blood_autosomal_mCAs,SB903589_PB92051_D04,M,chr12,0,133275309,133275309,T,T,31895,Gain,0.075,EUR
PLCO_GSA_blood_autosomal_mCAs,SC038431_PB92052_E08,F,chr12,37567966,133275309,95707343,N,T,22621,Gain,0.0319,EUR
PLCO_GSA_blood_autosomal_mCAs,SC047179_PB92052_E12,F,chr15,23809295,101991189,78181894,N,T,20139,Gain,0.1075,EUR
PLCO_GSA_blood_autosomal_mCAs,SC127988_PB92882_H04,M,chr7,62680408,159345973,96665565,N,T,21306,Gain,0.0493,AFR_EUR
PLCO_GSA_blood_autosomal_mCAs,SC128075_PB92877_B04,M,chr9,0,138394717,138394717,T,T,27987,Gain,0.0897,EUR
PLCO_GSA_blood_autosomal_mCAs,SC128299_PB92879_D09,M,chr15,19725254,101991189,82265935,C,T,20428,Gain,0.0154,EUR
PLCO_GSA_blood_autosomal_mCAs,SC128379_PB92874_H07,F,chr14,18173523,107043718,88870195,C,T,21397,Gain,0.0265,EUR
PLCO_GSA_blood_autosomal_mCAs,SC128515_PB92876_E01,F,chr8,0,145138636,145138636,T,T,33364,Gain,0.0929,EUR
PLCO_GSA_blood_autosomal_mCAs,SC128705_PB92872_C02,F,chr18,0,80373285,80373285,T,T,18246,Gain,0.0339,EUR
PLCO_GSA_blood_autosomal_mCAs,SC133003_PC26465_G06,M,chr15,39348857,101991189,62642332,N,T,16527,Gain,0.0196,EUR
PLCO_GSA_blood_autosomal_mCAs,SC133004_PC26464_G08,M,chr9,68418622,138394717,69976095,N,T,17439,Gain,0.1391,EUR
PLCO_GSA_blood_autosomal_mCAs,SC136713_PC26469_G11,M,chr22,28737002,50818468,22081466,N,T,6434,Gain,0.0743,EUR
PLCO_GSA_blood_autosomal_mCAs,SC142158_PC26467_B01,M,chr9,68418622,138394717,69976095,N,T,17440,Gain,0.0288,EUR
PLCO_GSA_blood_autosomal_mCAs,SC142875_PB97735_G04,F,chr8,0,145138636,145138636,T,T,33336,Gain,0.0297,EUR
PLCO_GSA_blood_autosomal_mCAs,SC142878_PB97735_B05,M,chr12,0,133275309,133275309,T,T,31864,Gain,0.0226,EUR
PLCO_GSA_blood_autosomal_mCAs,SC142900_PB97735_A08,M,chr12,0,133275309,133275309,T,T,31888,Gain,0.0272,EUR
PLCO_GSA_blood_autosomal_mCAs,SC142900_PB97735_A08,M,chr22,15054318,50818468,35764150,C,T,9812,Gain,0.0267,EUR
PLCO_GSA_blood_autosomal_mCAs,SC142993_PB97736_F06,M,chr9,118793701,138394717,19601016,N,T,5590,Gain,0.1742,EUR
PLCO_GSA_blood_autosomal_mCAs,SC143090_PB97737_F05,M,chr5,0,181538259,181538259,T,T,38759,Gain,0.0972,EUR
PLCO_GSA_blood_autosomal_mCAs,SC143090_PB97737_F05,M,chr9,0,138394717,138394717,T,T,27962,Gain,0.0908,EUR
PLCO_GSA_blood_autosomal_mCAs,SC143090_PB97737_F05,M,chr18,0,80373285,80373285,T,T,18246,Gain,0.0965,EUR
PLCO_GSA_blood_autosomal_mCAs,SC143099_PB97737_E06,M,chr12,0,133275309,133275309,T,T,31893,Gain,0.1055,EUR
PLCO_GSA_blood_autosomal_mCAs,SC143102_PB97737_G06,M,chr12,0,133275309,133275309,T,T,31885,Gain,0.0773,EUR
PLCO_GSA_blood_autosomal_mCAs,SC143136_PB97737_D10,M,chr9,68419287,138394717,69975430,N,T,17442,Gain,0.0655,AFR
PLCO_GSA_blood_autosomal_mCAs,SC143187_PB97738_C08,M,chr14,18173523,107043718,88870195,C,T,21395,Gain,0.2834,EUR
PLCO_GSA_blood_autosomal_mCAs,SC143233_PB97738_D10,M,chr17,63483402,83257441,19774039,N,T,6039,Gain,0.0279,EUR
PLCO_GSA_blood_autosomal_mCAs,SC143365_PB97740_D01,F,chr1,0,91565618,91565618,T,N,21988,Gain,0.0198,EUR
PLCO_GSA_blood_autosomal_mCAs,SC143365_PB97740_D01,F,chr14,20818516,107043718,86225202,N,T,20856,Gain,0.0578,EUR
PLCO_GSA_blood_autosomal_mCAs,SC143378_PB97740_B03,F,chr1,0,65386076,65386076,T,N,16733,Gain,0.0238,EUR
PLCO_GSA_blood_autosomal_mCAs,SC143471_PB97741_B02,M,chr9,97977842,138394717,40416875,N,T,10862,Gain,0.0354,EUR
PLCO_GSA_blood_autosomal_mCAs,SC143621_PB97742_B07,F,chr16,0,19344236,19344236,T,N,6190,Gain,0.031,EUR
PLCO_GSA_blood_autosomal_mCAs,SC143635_PB97742_D08,M,chr15,29435394,101991189,72555795,N,T,18800,Gain,0.0348,EUR
PLCO_GSA_blood_autosomal_mCAs,SC143736_PB96148_G08,F,chr12,0,133275309,133275309,T,T,31886,Gain,0.0699,EUR
PLCO_GSA_blood_autosomal_mCAs,SC149263_PB96229_G04,F,chr2,174077583,242193529,68115946,N,T,16664,Gain,0.053,AFR_EUR
PLCO_GSA_blood_autosomal_mCAs,SC149298_PB96229_H05,M,chr9,0,33118113,33118113,T,N,9176,Gain,0.0788,EUR
PLCO_GSA_blood_autosomal_mCAs,SC149530_PB96231_C08,F,chr13,42541997,114364328,71822331,N,T,15898,Gain,0.0814,EUR
PLCO_GSA_blood_autosomal_mCAs,SC149538_PB96231_C09,F,chr5,0,45442747,45442747,T,N,10379,Gain,0.0576,EUR
PLCO_GSA_blood_autosomal_mCAs,SC149731_PB96233_G05,F,chr15,19725254,101991189,82265935,C,T,20428,Gain,0.0265,EUR
PLCO_GSA_blood_autosomal_mCAs,SC149875_PB96234_E11,F,chr22,15054318,50818468,35764150,C,T,9812,Gain,0.0183,EUR
PLCO_GSA_blood_autosomal_mCAs,SC150059_PB96236_F10,F,chr19,0,19362636,19362636,T,N,6360,Gain,0.046,EUR
PLCO_GSA_blood_autosomal_mCAs,SC150194_PB96238_F02,M,chr9,77570332,138394717,60824385,N,T,15382,Gain,0.0169,EUR
PLCO_GSA_blood_autosomal_mCAs,SC150211_PB96238_D04,F,chr14,18173523,107043718,88870195,C,T,21395,Gain,0.1352,ASN
PLCO_GSA_blood_autosomal_mCAs,SC150223_PB96238_G05,M,chr15,19725254,101991189,82265935,C,T,20424,Gain,0.0576,EUR
PLCO_GSA_blood_autosomal_mCAs,SC150290_PB96239_C02,M,chr12,0,133275309,133275309,T,T,31894,Gain,0.1452,EUR
PLCO_GSA_blood_autosomal_mCAs,SC150344_PB96239_B09,F,chr12,0,133275309,133275309,T,T,31887,Gain,0.0372,EUR
PLCO_GSA_blood_autosomal_mCAs,SC150358_PB96239_A11,F,chr5,0,45442747,45442747,T,N,10375,Gain,0.0281,EUR
PLCO_GSA_blood_autosomal_mCAs,SC150359_PB96239_B11,F,chr22,15054318,50818468,35764150,C,T,9809,Gain,0.0356,EUR
PLCO_GSA_blood_autosomal_mCAs,SC150528_PB96241_H07,F,chr17,42001946,83257441,41255495,N,T,11016,Gain,0.0997,EUR
PLCO_GSA_blood_autosomal_mCAs,SC150528_PB96241_H07,F,chr22,15054318,50818468,35764150,C,T,9805,Gain,0.0454,EUR
PLCO_GSA_blood_autosomal_mCAs,SC150562_PB96241_G11,M,chr17,56079577,83257441,27177864,N,T,7672,Gain,0.0297,EUR
PLCO_GSA_blood_autosomal_mCAs,SC150640_PB96242_H08,M,chr15,33584342,101991189,68406847,N,T,17888,Gain,0.0207,EUR
PLCO_GSA_blood_autosomal_mCAs,SC150655_PB96242_H10,M,chr12,0,133275309,133275309,T,T,31889,Gain,0.3705,EUR
PLCO_GSA_blood_autosomal_mCAs,SC150655_PB96242_H10,M,chr18,12235018,80373285,68138267,Y,T,14582,Gain,0.3899,EUR
PLCO_GSA_blood_autosomal_mCAs,SC150842_PB96244_D07,M,chr8,0,145138636,145138636,T,T,33353,Gain,0.0087,EUR
PLCO_GSA_blood_autosomal_mCAs,SC151194_PB96409_G06,F,chr12,0,133275309,133275309,T,T,31875,Gain,0.0228,EUR
PLCO_GSA_blood_autosomal_mCAs,SC151408_PC04136_A09,F,chr22,15054318,50818468,35764150,C,T,9811,Gain,0.0212,EUR
PLCO_GSA_blood_autosomal_mCAs,SC151545_PB96413_F01,F,chr22,15054318,50818468,35764150,C,T,9811,Gain,0.0186,EUR
PLCO_GSA_blood_autosomal_mCAs,SC151562_PB96413_H03,M,chr3,145812921,198295559,52482638,N,T,12618,Gain,0.0169,EUR
PLCO_GSA_blood_autosomal_mCAs,SC151737_PB96415_F01,F,chr14,91394456,107043718,15649262,N,T,4219,Gain,0.0289,EUR
PLCO_GSA_blood_autosomal_mCAs,SC151763_PB96415_A05,M,chr14,18173523,107043718,88870195,C,T,21396,Gain,0.5153,EUR
PLCO_GSA_blood_autosomal_mCAs,SC152140_PB96419_E01,F,chr1,0,22608049,22608049,T,N,6654,Gain,0.0485,EUR
PLCO_GSA_blood_autosomal_mCAs,SC152184_PC04136_F11,F,chr12,0,133275309,133275309,T,T,31892,Gain,0.1103,EUR
PLCO_GSA_blood_autosomal_mCAs,SC152227_PB96419_E11,M,chr22,15054318,50818468,35764150,C,T,9811,Gain,0.0729,EUR
PLCO_GSA_blood_autosomal_mCAs,SC152275_PB96420_C05,F,chr14,18173523,107043718,88870195,C,T,21374,Gain,0.0178,EUR
PLCO_GSA_blood_autosomal_mCAs,SC152289_PC08117_H01,F,chr15,19725254,101991189,82265935,C,T,20423,Gain,0.0318,EUR
PLCO_GSA_blood_autosomal_mCAs,SC152330_PB96420_C12,F,chr19,0,58617616,58617616,T,T,16338,Gain,0.0164,EUR
PLCO_GSA_blood_autosomal_mCAs,SC152581_PB96423_D06,M,chr22,17780252,50818468,33038216,N,T,9423,Gain,0.0523,ASN_EUR
PLCO_GSA_blood_autosomal_mCAs,SC152799_PB96425_H07,M,chr14,18173523,107043718,88870195,C,T,21397,Gain,0.0958,EUR
PLCO_GSA_blood_autosomal_mCAs,SC153700_PB96150_A02,F,chr3,0,198295559,198295559,T,T,45430,Gain,0.0196,EUR
PLCO_GSA_blood_autosomal_mCAs,SC153700_PB96150_A02,F,chr12,0,133275309,133275309,T,T,31892,Gain,0.0203,EUR
PLCO_GSA_blood_autosomal_mCAs,SC153845_PB96151_D03,M,chr9,68639002,138394717,69755715,N,T,17383,Gain,0.0739,EUR
PLCO_GSA_blood_autosomal_mCAs,SC153867_PB96151_A08,F,chr8,0,145138636,145138636,T,T,33353,Gain,0.09,EUR
PLCO_GSA_blood_autosomal_mCAs,SC153937_PB96151_B12,F,chr16,86520197,90338345,3818148,N,T,1367,Gain,0.0612,EUR
PLCO_GSA_blood_autosomal_mCAs,SC154020_PB96152_G06,F,chr1,0,53210776,53210776,T,N,13566,Gain,0.0237,EUR
PLCO_GSA_blood_autosomal_mCAs,SC154271_PB96154_A08,F,chr17,30224647,83257441,53032794,N,T,13918,Gain,0.0376,EUR
PLCO_GSA_blood_autosomal_mCAs,SC154508_PB96156_A09,F,chr17,0,83257441,83257441,T,T,21313,Gain,0.0199,EUR
PLCO_GSA_blood_autosomal_mCAs,SC154780_PB97549_G08,M,chr8,0,145138636,145138636,T,T,33346,Gain,0.0684,EUR
PLCO_GSA_blood_autosomal_mCAs,SC154987_PB97551_F08,M,chr15,47778473,101991189,54212716,N,T,14543,Gain,0.0255,EUR
PLCO_GSA_blood_autosomal_mCAs,SC155023_PB97552_C01,M,chr8,47444499,145138636,97694137,N,T,20523,Gain,0.0248,EUR
PLCO_GSA_blood_autosomal_mCAs,SC155023_PB97552_C01,M,chr15,19725254,101991189,82265935,C,T,20410,Gain,0.0206,EUR
PLCO_GSA_blood_autosomal_mCAs,SC155115_PB97552_B12,M,chr9,79874698,138394717,58520019,N,T,14899,Gain,0.018,ASN_EUR
PLCO_GSA_blood_autosomal_mCAs,SC155466_PB97556_H05,M,chr21,12915808,46709983,33794175,C,T,8577,Gain,0.0239,EUR
PLCO_GSA_blood_autosomal_mCAs,SC155573_PB97557_C07,M,chr17,27801555,83257441,55455886,N,T,14376,Gain,0.0262,ASN_EUR
PLCO_GSA_blood_autosomal_mCAs,SC155677_PB97558_G08,M,chr21,12915808,46709983,33794175,C,T,8574,Gain,0.0205,EUR
PLCO_GSA_blood_autosomal_mCAs,SC155826_PB97560_D03,M,chr15,19725254,101991189,82265935,C,T,20420,Gain,0.0134,EUR
PLCO_GSA_blood_autosomal_mCAs,SC155980_PB97561_H09,M,chr17,27021742,83257441,56235699,N,T,14525,Gain,0.046,EUR
PLCO_GSA_blood_autosomal_mCAs,SC156161_PB97563_B09,M,chr3,109206898,126104777,16897879,N,Y,3637,Gain,0.5897,AFR
PLCO_GSA_blood_autosomal_mCAs,SC156161_PB97563_B09,M,chr3,127533724,198295559,70761835,N,T,16606,Gain,0.6127,AFR
PLCO_GSA_blood_autosomal_mCAs,SC156161_PB97563_B09,M,chr9,126442268,138394717,11952449,N,T,4007,Gain,0.551,AFR
PLCO_GSA_blood_autosomal_mCAs,SC156162_PB97563_C09,M,chr15,19725254,101991189,82265935,C,T,20417,Gain,0.0195,EUR
PLCO_GSA_blood_autosomal_mCAs,SC156190_PB97563_H12,M,chr15,84905644,101991189,17085545,N,T,5363,Gain,0.0386,EUR
PLCO_GSA_blood_autosomal_mCAs,SC156282_PB97564_F12,M,chr12,0,133275309,133275309,T,T,31888,Gain,0.0632,EUR
PLCO_GSA_blood_autosomal_mCAs,SC156422_PB97566_C06,M,chr9,0,32910034,32910034,T,N,9132,Gain,0.3993,EUR
PLCO_GSA_blood_autosomal_mCAs,SC156532_PB97567_A08,M,chr2,0,68396138,68396138,T,N,17802,Gain,0.2039,ASN
PLCO_GSA_blood_autosomal_mCAs,SC156532_PB97567_A08,M,chr5,169751274,181538259,11786985,N,T,3561,Gain,0.1873,ASN
PLCO_GSA_blood_autosomal_mCAs,SC157901_PB96157_G08,F,chr22,15054318,50818468,35764150,C,T,9813,Gain,0.0322,EUR
PLCO_GSA_blood_autosomal_mCAs,SC164313_PB97759_B08,M,chr22,27255754,50818468,23562714,N,T,6857,Gain,0.0464,EUR
PLCO_GSA_blood_autosomal_mCAs,SC164399_PB97760_H06,F,chr15,19725254,101991189,82265935,C,T,20418,Gain,0.1982,EUR
PLCO_GSA_blood_autosomal_mCAs,SC164429_PB97760_D10,F,chr14,72131234,107043718,34912484,N,T,8804,Gain,0.0226,EUR
PLCO_GSA_blood_autosomal_mCAs,SC164435_PB97760_B11,M,chr6,114816266,128867337,14051071,N,Y,2594,Gain,0.4136,EUR
PLCO_GSA_blood_autosomal_mCAs,SC164450_PB97761_D01,M,chr12,0,133275309,133275309,T,T,31871,Gain,0.1774,AFR_EUR
PLCO_GSA_blood_autosomal_mCAs,SC164538_PB97761_D12,F,chr12,0,133275309,133275309,T,T,31890,Gain,0.0358,EUR
PLCO_GSA_blood_autosomal_mCAs,SC164767_PB97764_E02,F,chr7,0,21018542,21018542,T,N,6061,Gain,0.0403,EUR
PLCO_GSA_blood_autosomal_mCAs,SC164943_PB97765_E12,M,chr9,68982398,138394717,69412319,N,T,17302,Gain,0.0204,EUR
PLCO_GSA_blood_autosomal_mCAs,SC165151_PB97768_C01,M,chr9,90602718,138394717,47791999,N,T,12440,Gain,0.0529,EUR
PLCO_GSA_blood_autosomal_mCAs,SC165164_PB97768_H02,M,chr11,58221381,135086622,76865241,N,T,19823,Gain,0.0205,EUR
PLCO_GSA_blood_autosomal_mCAs,SC165210_PB97768_H08,M,chr14,18173523,107043718,88870195,C,T,21397,Gain,0.0229,EUR
PLCO_GSA_blood_autosomal_mCAs,SC165307_PB97769_A09,F,chr12,59098464,133275309,74176845,N,T,17473,Gain,0.0132,EUR
PLCO_GSA_blood_autosomal_mCAs,SC165311_PB97769_E09,M,chr9,108289138,138394717,30105579,N,T,8360,Gain,0.0491,EUR
PLCO_GSA_blood_autosomal_mCAs,SC165344_PB97770_B02,M,chr9,0,17345020,17345020,T,N,5388,Gain,0.0386,EUR
PLCO_GSA_blood_autosomal_mCAs,SC165529_PB97772_C01,F,chr14,18173523,107043718,88870195,C,T,21394,Gain,0.0631,EUR
PLCO_GSA_blood_autosomal_mCAs,SC165568_PB97772_A06,M,chr5,0,45781770,45781770,T,N,10413,Gain,0.0604,EUR
PLCO_GSA_blood_autosomal_mCAs,SC165602_PB97772_B10,M,chr1,145711327,248956422,103245095,N,T,25050,Gain,0.0422,EUR
PLCO_GSA_blood_autosomal_mCAs,SC165685_PB97773_A09,M,chr21,12915808,46709983,33794175,C,T,8579,Gain,0.0192,EUR
PLCO_GSA_blood_autosomal_mCAs,SC165787_PB97774_G09,F,chr22,15054318,50818468,35764150,C,T,9808,Gain,0.0359,EUR
PLCO_GSA_blood_autosomal_mCAs,SC165970_PB97776_H06,M,chr9,0,138394717,138394717,T,T,27981,Gain,0.0272,EUR
PLCO_GSA_blood_autosomal_mCAs,SC166163_PB97998_C11,M,chr9,0,138394717,138394717,T,T,27983,Gain,0.034,EUR
PLCO_GSA_blood_autosomal_mCAs,SC166171_PB97998_C12,M,chr21,12915808,46709983,33794175,C,T,8576,Gain,0.0522,EUR
PLCO_GSA_blood_autosomal_mCAs,SC166291_PB98000_B02,M,chr22,36143706,50818468,14674762,N,T,4680,Gain,0.1001,EUR
PLCO_GSA_blood_autosomal_mCAs,SC166379_PB98001_C01,M,chr15,19725254,101991189,82265935,C,T,20416,Gain,0.1238,EUR
PLCO_GSA_blood_autosomal_mCAs,SC166430_PB98001_E07,M,chr9,121648326,138394717,16746391,N,T,4990,Gain,0.0751,EUR
PLCO_GSA_blood_autosomal_mCAs,SC166489_PB98002_B03,M,chr14,91199674,107043718,15844044,N,T,4301,Gain,0.0364,EUR
PLCO_GSA_blood_autosomal_mCAs,SC166537_PB98002_C09,F,chr17,39657603,83257441,43599838,N,T,11746,Gain,0.0221,EUR
PLCO_GSA_blood_autosomal_mCAs,SC166752_PB98004_D12,M,chr15,19725254,101991189,82265935,C,T,20423,Gain,0.0216,EUR
PLCO_GSA_blood_autosomal_mCAs,SC166771_PB98005_F02,M,chr22,32184043,50818468,18634425,N,T,5709,Gain,0.0413,EUR
PLCO_GSA_blood_autosomal_mCAs,SC166859_PB98006_A02,M,chr17,27075581,83257441,56181860,N,T,14522,Gain,0.028,EUR
PLCO_GSA_blood_autosomal_mCAs,SC167195_PB98009_G08,F,chr10,44436273,133797422,89361149,N,T,21544,Gain,0.0387,EUR
PLCO_GSA_blood_autosomal_mCAs,SC167299_PB98010_B10,F,chr17,41172084,83257441,42085357,N,T,11302,Gain,0.0353,EUR
PLCO_GSA_blood_autosomal_mCAs,SC167519_PB98012_H01,M,chr8,0,145138636,145138636,T,T,33344,Gain,0.2291,AFR
PLCO_GSA_blood_autosomal_mCAs,SC167533_PB98012_G03,F,chr19,55504896,58617616,3112720,N,T,1097,Gain,0.0543,ASN
PLCO_GSA_blood_autosomal_mCAs,SC167535_PB98012_A04,M,chr2,96577568,242193529,145615961,N,T,32476,Gain,0.0087,ASN
PLCO_GSA_blood_autosomal_mCAs,SC167638_PB98013_D05,M,chr15,19725254,101991189,82265935,C,T,20411,Gain,0.3173,EUR
PLCO_GSA_blood_autosomal_mCAs,SC167640_PB98013_F05,M,chr9,61665918,138394717,76728799,N,T,17455,Gain,0.0541,EUR
PLCO_GSA_blood_autosomal_mCAs,SC167819_PB98015_D04,M,chr9,107244052,138394717,31150665,N,T,8691,Gain,0.018,EUR
PLCO_GSA_blood_autosomal_mCAs,SC167822_PB98015_G04,M,chr17,50548467,83257441,32708974,N,T,8713,Gain,0.0282,EUR
PLCO_GSA_blood_autosomal_mCAs,SC167901_PB98016_F02,M,chr12,0,133275309,133275309,T,T,31864,Gain,0.026,EUR
PLCO_GSA_blood_autosomal_mCAs,SC167921_PB98016_E05,F,chr10,75556752,133797422,58240670,N,T,14996,Gain,0.0325,EUR
PLCO_GSA_blood_autosomal_mCAs,SC167971_PB98016_G11,F,chr11,67320923,135086622,67765699,N,T,17533,Gain,0.0178,EUR
PLCO_GSA_blood_autosomal_mCAs,SC168101_PB98095_E12,F,chr14,18173523,107043718,88870195,C,T,21396,Gain,0.0579,EUR
PLCO_GSA_blood_autosomal_mCAs,SC168161_PB98096_A08,F,chr14,77556454,107043718,29487264,N,T,7331,Gain,0.0274,EUR
PLCO_GSA_blood_autosomal_mCAs,SC168192_PB98096_A12,M,chr9,0,138394717,138394717,T,T,27978,Gain,0.0233,EUR
PLCO_GSA_blood_autosomal_mCAs,SC168231_PB98097_A05,M,chr9,68418622,138394717,69976095,N,T,17442,Gain,0.0312,EUR
PLCO_GSA_blood_autosomal_mCAs,SC168235_PB98097_E05,M,chr17,58080256,83257441,25177185,N,T,7092,Gain,0.0291,EUR
PLCO_GSA_blood_autosomal_mCAs,SC168281_PB98097_F11,M,chr6,27487359,170805979,143318620,Y,T,29816,Gain,0.0557,EUR
PLCO_GSA_blood_autosomal_mCAs,SC168475_PB98099_A11,F,chr21,12915808,46709983,33794175,C,T,8576,Gain,0.0638,EUR
PLCO_GSA_blood_autosomal_mCAs,SC168505_PB98100_E02,M,chr17,27256626,83257441,56000815,N,T,14487,Gain,0.0528,EUR
PLCO_GSA_blood_autosomal_mCAs,SC168510_PB98100_B03,M,chr5,0,44428414,44428414,T,N,10246,Gain,0.0302,EUR
PLCO_GSA_blood_autosomal_mCAs,SC168937_PB98104_D05,M,chr14,18173523,107043718,88870195,C,T,21385,Gain,0.0117,EUR
PLCO_GSA_blood_autosomal_mCAs,SC168942_PB98104_A06,M,chr14,18173523,107043718,88870195,C,T,21396,Gain,0.0239,EUR
PLCO_GSA_blood_autosomal_mCAs,SC168994_PB98104_D11,M,chr9,0,16766120,16766120,T,N,5249,Gain,0.0871,EUR
PLCO_GSA_blood_autosomal_mCAs,SC169141_PB98106_D04,M,chr15,25485904,101991189,76505285,N,T,19812,Gain,0.0285,EUR
PLCO_GSA_blood_autosomal_mCAs,SC169167_PB98106_C07,M,chr7,123572658,159345973,35773315,N,T,9145,Gain,0.0349,EUR
PLCO_GSA_blood_autosomal_mCAs,SC169182_PB98106_B09,M,chr9,69118160,138394717,69276557,N,T,17268,Gain,0.0494,EUR
PLCO_GSA_blood_autosomal_mCAs,SC169231_PB98107_C02,F,chr1,0,12075469,12075469,T,N,3421,Gain,0.0514,EUR
PLCO_GSA_blood_autosomal_mCAs,SC169362_PC03174_F08,F,chr19,35851310,58617616,22766306,N,T,7030,Gain,0.0331,EUR
PLCO_GSA_blood_autosomal_mCAs,SC169444_PC03175_G02,F,chr14,88826916,107043718,18216802,N,T,4909,Gain,0.0415,EUR
PLCO_GSA_blood_autosomal_mCAs,SC169524_PC03175_D08,M,chr9,78966613,107364849,28398236,N,Y,6466,Gain,0.0959,EUR
PLCO_GSA_blood_autosomal_mCAs,SC169565_PC03175_C11,F,chr12,0,133275309,133275309,T,T,31887,Gain,0.0122,EUR
PLCO_GSA_blood_autosomal_mCAs,SC169915_PB98113_E10,F,chr12,0,133275309,133275309,T,T,31890,Gain,0.0146,EUR
PLCO_GSA_blood_autosomal_mCAs,SC179340_PB97979_H05,F,chr4,0,13251952,13251952,T,N,4012,Gain,0.0561,EUR
PLCO_GSA_blood_autosomal_mCAs,SC179612_PB97982_E02,F,chr12,0,133275309,133275309,T,T,31885,Gain,0.1527,EUR
PLCO_GSA_blood_autosomal_mCAs,SC179687_PB97982_G11,F,chr1,0,111252111,111252111,T,N,26177,Gain,0.0208,EUR
PLCO_GSA_blood_autosomal_mCAs,SC179713_PB97983_A03,F,chr4,0,24784289,24784289,T,N,6714,Gain,0.0337,EUR
PLCO_GSA_blood_autosomal_mCAs,SC179760_PB97983_G08,F,chr5,159796002,181538259,21742257,N,T,5889,Gain,0.03,EUR
PLCO_GSA_blood_autosomal_mCAs,SC179760_PB97983_G08,F,chr8,0,24962390,24962390,T,N,8704,Gain,0.0293,EUR
PLCO_GSA_blood_autosomal_mCAs,SC179856_PB97984_E07,M,chr9,91455019,138394717,46939698,N,T,12196,Gain,0.0292,EUR
PLCO_GSA_blood_autosomal_mCAs,SC179914_PB97985_A03,M,chr17,79547477,83257441,3709964,N,T,1172,Gain,0.0593,EUR
PLCO_GSA_blood_autosomal_mCAs,SC179969_PB97985_C09,F,chr14,40964080,107043718,66079638,N,T,15583,Gain,0.0182,EUR
PLCO_GSA_blood_autosomal_mCAs,SC180040_PB97986_C05,F,chr21,12915808,46709983,33794175,C,T,8578,Gain,0.025,EUR
PLCO_GSA_blood_autosomal_mCAs,SC180042_PB97986_E05,F,chr21,24806023,30900583,6094560,N,Y,1267,Gain,0.1554,EUR
PLCO_GSA_blood_autosomal_mCAs,SC180178_PB97987_D10,M,chr9,69151677,138394717,69243040,N,T,17248,Gain,0.0185,EUR
PLCO_GSA_blood_autosomal_mCAs,SC180198_PB97987_D12,M,chr19,0,12330430,12330430,T,N,4318,Gain,0.032,EUR
PLCO_GSA_blood_autosomal_mCAs,SC180215_PB97988_F07,M,chr12,0,133275309,133275309,T,T,31876,Gain,0.122,EUR
PLCO_GSA_blood_autosomal_mCAs,SC180317_PB97989_F01,M,chr9,0,36211878,36211878,T,N,9874,Gain,0.0274,EUR
PLCO_GSA_blood_autosomal_mCAs,SC180325_PB97989_E02,M,chr9,68931627,138394717,69463090,N,T,17290,Gain,0.0299,EUR
PLCO_GSA_blood_autosomal_mCAs,SC180488_PB97990_D09,M,chr9,0,38771463,38771463,T,N,10478,Gain,0.1034,EUR
PLCO_GSA_blood_autosomal_mCAs,SC180631_PB97992_C01,M,chr17,27021742,83257441,56235699,N,T,14517,Gain,0.0553,EUR
PLCO_GSA_blood_autosomal_mCAs,SC180658_PB97992_B04,M,chr9,0,20764871,20764871,T,N,6358,Gain,0.037,EUR
PLCO_GSA_blood_autosomal_mCAs,SC180673_PB97992_B06,M,chr8,84039315,145138636,61099321,N,T,13439,Gain,0.0304,EUR
PLCO_GSA_blood_autosomal_mCAs,SC180749_PB97993_D03,M,chr1,0,248956422,248956422,T,T,53414,Gain,0.0109,EUR
PLCO_GSA_blood_autosomal_mCAs,SC180776_PB97993_G06,F,chr1,145698627,248956422,103257795,N,T,25054,Gain,0.0175,EUR
PLCO_GSA_blood_autosomal_mCAs,SC180935_PB97994_F12,F,chr8,0,145138636,145138636,T,T,33352,Gain,0.0352,EUR
PLCO_GSA_blood_autosomal_mCAs,SC181021_PB97995_H10,M,chr9,111325122,130455839,19130717,N,Y,4594,Gain,0.0779,AFR
PLCO_GSA_blood_autosomal_mCAs,SC181042_PB97996_F01,M,chr14,18173523,107043718,88870195,C,T,21397,Gain,0.0253,EUR
PLCO_GSA_blood_autosomal_mCAs,SC184191_PB98743_B12,M,chr15,67236036,101991189,34755153,N,T,9359,Gain,0.0374,ASN
PLCO_GSA_blood_autosomal_mCAs,SC184282_PB98744_B11,M,chr5,0,37800119,37800119,T,N,8907,Gain,0.0312,EUR
PLCO_GSA_blood_autosomal_mCAs,SC184402_PB98746_E01,M,chr15,19725254,101991189,82265935,C,T,20424,Gain,0.1736,EUR
PLCO_GSA_blood_autosomal_mCAs,SC184475_PB98746_H10,F,chr15,19725254,101991189,82265935,C,T,20418,Gain,0.0308,ASN
PLCO_GSA_blood_autosomal_mCAs,SC184513_PB98747_B03,M,chr1,161329274,248956422,87627148,N,T,21398,Gain,0.0469,EUR
PLCO_GSA_blood_autosomal_mCAs,SC184651_PC01391_G07,F,chr19,0,58617616,58617616,T,T,16335,Gain,0.0189,EUR
PLCO_GSA_blood_autosomal_mCAs,SC184723_PB98749_C05,M,chr9,0,38735494,38735494,T,N,10460,Gain,0.1373,EUR
PLCO_GSA_blood_autosomal_mCAs,SC184790_PB98750_H01,M,chr15,19725254,101991189,82265935,C,T,20411,Gain,0.2225,EUR
PLCO_GSA_blood_autosomal_mCAs,SC184869_PB98750_G11,F,chr1,145790097,226245429,80455332,N,Y,18706,Gain,0.0448,EUR
PLCO_GSA_blood_autosomal_mCAs,SC184869_PB98750_G11,F,chr11,119452694,135086622,15633928,N,T,4845,Gain,0.0431,EUR
PLCO_GSA_blood_autosomal_mCAs,SC185062_PB98752_G11,M,chr9,69056174,138394717,69338543,N,T,17271,Gain,0.0427,EUR
PLCO_GSA_blood_autosomal_mCAs,SC185158_PB98753_F10,F,chr18,54454610,80373285,25918675,N,T,6904,Gain,0.1769,EUR
PLCO_GSA_blood_autosomal_mCAs,SC185232_PB98754_E07,M,chr3,0,198295559,198295559,T,T,45416,Gain,0.118,EUR
PLCO_GSA_blood_autosomal_mCAs,SC185301_PB98755_A04,M,chr8,0,145138636,145138636,T,T,33338,Gain,0.0247,EUR
PLCO_GSA_blood_autosomal_mCAs,SC185359_PB98755_D10,M,chr9,70388066,138394717,68006651,N,T,16996,Gain,0.0212,EUR
PLCO_GSA_blood_autosomal_mCAs,SC185391_PB98756_E01,M,chr14,23786398,107043718,83257320,N,T,19505,Gain,0.0311,EUR
PLCO_GSA_blood_autosomal_mCAs,SC185465_PB98756_D09,F,chr1,0,6359260,6359260,T,N,1817,Gain,0.0612,EUR
PLCO_GSA_blood_autosomal_mCAs,SC185480_PB98756_D11,M,chr17,0,83257441,83257441,T,T,21299,Gain,0.0206,EUR
PLCO_GSA_blood_autosomal_mCAs,SC185649_PB98758_B07,F,chr12,0,133275309,133275309,T,T,31886,Gain,0.0929,EUR
PLCO_GSA_blood_autosomal_mCAs,SC185657_PB98758_B08,F,chr6,0,33588127,33588127,T,N,7710,Gain,0.0291,EUR
PLCO_GSA_blood_autosomal_mCAs,SC185806_PB98760_G01,F,chr12,0,133275309,133275309,T,T,31877,Gain,0.0274,EUR
PLCO_GSA_blood_autosomal_mCAs,SC185852_PB98760_A07,M,chr2,157556990,207254883,49697893,N,Y,11181,Gain,0.051,EUR
PLCO_GSA_blood_autosomal_mCAs,SC185903_PB98761_E01,M,chr20,0,18921758,18921758,T,N,5355,Gain,0.0259,EUR
PLCO_GSA_blood_autosomal_mCAs,SC185942_PB98761_E06,F,chr12,0,133275309,133275309,T,T,31874,Gain,0.2178,EUR
PLCO_GSA_blood_autosomal_mCAs,SC185945_PB98762_C02,F,chr12,0,62793163,62793163,T,Y,14959,Gain,0.0713,ASN_EUR
PLCO_GSA_blood_autosomal_mCAs,SC185945_PB98762_C02,F,chr12,71731505,133275309,61543804,N,T,14945,Gain,0.0625,ASN_EUR
PLCO_GSA_blood_autosomal_mCAs,SC186157_PB99450_G05,M,chr22,25894756,50818468,24923712,N,T,7348,Gain,0.0399,EUR
PLCO_GSA_blood_autosomal_mCAs,SC186172_PB99450_G07,M,chr21,12915808,46709983,33794175,C,T,8572,Gain,0.0305,EUR
PLCO_GSA_blood_autosomal_mCAs,SC186266_PB99451_B07,M,chr15,19725254,101991189,82265935,C,T,20396,Gain,0.1276,ASN
PLCO_GSA_blood_autosomal_mCAs,SC186297_PB99451_E10,M,chr15,19725254,101991189,82265935,C,T,20413,Gain,0.0497,EUR
PLCO_GSA_blood_autosomal_mCAs,SC186431_PB99452_B06,M,chr15,19725254,101991189,82265935,C,T,20404,Gain,0.0263,EUR
PLCO_GSA_blood_autosomal_mCAs,SC186534_PB99453_F06,M,chr16,0,15967085,15967085,T,N,5568,Gain,0.036,EUR
PLCO_GSA_blood_autosomal_mCAs,SC186723_PB99455_D04,M,chr15,19725254,101991189,82265935,C,T,20424,Gain,0.0567,EUR
PLCO_GSA_blood_autosomal_mCAs,SC186725_PB99455_G04,M,chr9,0,6172380,6172380,T,N,2039,Gain,0.0533,EUR
PLCO_GSA_blood_autosomal_mCAs,SC186788_PB99455_C11,M,chr21,27452632,46709983,19257351,N,T,5314,Gain,0.0296,EUR
PLCO_GSA_blood_autosomal_mCAs,SC186831_PB99456_F04,M,chr1,7901146,14079940,6178794,Y,N,1635,Gain,0.0775,EUR
PLCO_GSA_blood_autosomal_mCAs,SC186855_PB99456_A04,M,chr15,19725254,101991189,82265935,C,T,20425,Gain,0.0647,EUR
PLCO_GSA_blood_autosomal_mCAs,SC187006_PB99457_C12,F,chr1,152469813,248956422,96486609,N,T,24040,Gain,0.0212,EUR
PLCO_GSA_blood_autosomal_mCAs,SC187114_PB99458_E10,M,chr12,0,133275309,133275309,T,T,31873,Gain,0.0582,EUR
PLCO_GSA_blood_autosomal_mCAs,SC187179_PB99459_G04,M,chr15,19725254,101991189,82265935,C,T,20424,Gain,0.1967,EUR
PLCO_GSA_blood_autosomal_mCAs,SC187375_PB99461_E03,F,chr15,19725254,101991189,82265935,C,T,20431,Gain,0.0215,EUR
PLCO_GSA_blood_autosomal_mCAs,SC187609_PB99463_D06,M,chr12,0,133275309,133275309,T,T,31894,Gain,0.0403,EUR
PLCO_GSA_blood_autosomal_mCAs,SC187609_PB99463_D06,M,chr19,0,58617616,58617616,T,T,16335,Gain,0.0371,EUR
PLCO_GSA_blood_autosomal_mCAs,SC187659_PB99463_H12,M,chr9,0,33934823,33934823,T,N,9321,Gain,0.0258,EUR
PLCO_GSA_blood_autosomal_mCAs,SC187801_PB99465_A06,F,chr4,74590664,190214555,115623891,N,T,24276,Gain,0.025,EUR
PLCO_GSA_blood_autosomal_mCAs,SC187868_PB99466_D02,F,chr4,123929746,190214555,66284809,N,T,14574,Gain,0.0175,EUR
PLCO_GSA_blood_autosomal_mCAs,SC187874_PB99466_B03,M,chr18,20990274,80373285,59383011,N,T,13974,Gain,0.0207,EUR
PLCO_GSA_blood_autosomal_mCAs,SC187886_PB99466_E04,M,chr14,18173523,107043718,88870195,C,T,21397,Gain,0.1774,EUR
PLCO_GSA_blood_autosomal_mCAs,SC188320_PC01395_D08,M,chr12,0,133275309,133275309,T,T,31888,Gain,0.0319,EUR
PLCO_GSA_blood_autosomal_mCAs,SC188388_PC01396_B05,F,chr21,12915808,46709983,33794175,C,T,8579,Gain,0.0185,EUR
PLCO_GSA_blood_autosomal_mCAs,SC188524_PC01397_G08,M,chr9,68610012,138394717,69784705,N,T,17389,Gain,0.0442,EUR
PLCO_GSA_blood_autosomal_mCAs,SC188656_PC01398_B11,F,chr3,101726274,198295559,96569285,N,T,22045,Gain,0.0419,EUR
PLCO_GSA_blood_autosomal_mCAs,SC188662_PC01398_G11,F,chr7,95338331,159345973,64007642,N,T,15249,Gain,0.0286,EUR
PLCO_GSA_blood_autosomal_mCAs,SC189157_PC01403_A03,M,chr9,0,138394717,138394717,T,T,27974,Gain,0.0202,EUR
PLCO_GSA_blood_autosomal_mCAs,SC189157_PC01403_A03,M,chr15,66178841,101991189,35812348,N,T,9686,Gain,0.0215,EUR
PLCO_GSA_blood_autosomal_mCAs,SC189191_PC01404_G02,F,chr15,19725254,101991189,82265935,C,T,20425,Gain,0.0556,EUR
PLCO_GSA_blood_autosomal_mCAs,SC189316_PC01405_E05,M,chr15,19725254,101991189,82265935,C,T,20424,Gain,0.0274,EUR
PLCO_GSA_blood_autosomal_mCAs,SC189320_PC01405_A06,F,chr18,21297053,80373285,59076232,N,T,13941,Gain,0.111,EUR
PLCO_GSA_blood_autosomal_mCAs,SC189365_PC01405_G11,F,chr12,0,133275309,133275309,T,T,31885,Gain,0.0232,EUR
PLCO_GSA_blood_autosomal_mCAs,SC189396_PC01406_E03,M,chr8,95777833,145138636,49360803,N,T,11352,Gain,0.0654,ASN_EUR
PLCO_GSA_blood_autosomal_mCAs,SC189402_PC01406_C04,M,chr15,22925064,101991189,79066125,N,T,20292,Gain,0.0958,ASN_EUR
PLCO_GSA_blood_autosomal_mCAs,SC189487_PC01407_E02,F,chr13,18051248,114364328,96313080,C,T,22653,Gain,0.0154,EUR
PLCO_GSA_blood_autosomal_mCAs,SC189554_PC01407_C10,F,chr1,0,121443040,121443040,T,N,28329,Gain,0.0304,EUR
PLCO_GSA_blood_autosomal_mCAs,SC189575_PC01408_C01,M,chr9,0,38071320,38071320,T,N,10280,Gain,0.0456,AFR
PLCO_GSA_blood_autosomal_mCAs,SC189705_PC01409_A05,M,chr2,0,85763544,85763544,T,N,21757,Gain,0.0182,AFR
PLCO_GSA_blood_autosomal_mCAs,SC189863_PC01410_E10,M,chr11,116582170,135086622,18504452,N,T,5886,Gain,0.0307,AFR_EUR
PLCO_GSA_blood_autosomal_mCAs,SC189921_PC01411_D05,F,chr5,0,181538259,181538259,T,T,38777,Gain,0.0091,EUR
PLCO_GSA_blood_autosomal_mCAs,SC189925_PC01411_H05,F,chr18,0,80373285,80373285,T,T,18235,Gain,0.0118,EUR
PLCO_GSA_blood_autosomal_mCAs,SC189966_PC01411_C11,M,chr5,85112041,112209351,27097310,N,Y,4786,Gain,0.1291,EUR
PLCO_GSA_blood_autosomal_mCAs,SC190102_PC01412_A02,M,chr15,19725254,101991189,82265935,C,T,20422,Gain,0.0258,EUR
PLCO_GSA_blood_autosomal_mCAs,SC190121_PC01413_C03,M,chr14,18173523,107043718,88870195,C,T,21401,Gain,0.0199,EUR
PLCO_GSA_blood_autosomal_mCAs,SC190192_PC01413_C12,M,chr9,0,23426195,23426195,T,N,7005,Gain,0.027,EUR
PLCO_GSA_blood_autosomal_mCAs,SC190431_PC01416_F05,M,chr15,19725254,101991189,82265935,C,T,20426,Gain,0.0727,EUR
PLCO_GSA_blood_autosomal_mCAs,SC190559_PC01417_E09,M,chr22,30460134,50818468,20358334,N,T,6098,Gain,0.031,ASN_EUR
PLCO_GSA_blood_autosomal_mCAs,SC190772_PC01419_D11,F,chr12,0,133275309,133275309,T,T,31886,Gain,0.0107,EUR
PLCO_GSA_blood_autosomal_mCAs,SC190859_PC01420_A10,M,chr12,0,133275309,133275309,T,T,31862,Gain,0.0658,EUR
PLCO_GSA_blood_autosomal_mCAs,SC190872_PC01420_F11,F,chr18,58683164,80373285,21690121,N,T,5910,Gain,0.0294,EUR
PLCO_GSA_blood_autosomal_mCAs,SC191043_PC01422_B06,M,chr14,18173523,32380334,14206811,C,Y,3827,Gain,0.3056,EUR
PLCO_GSA_blood_autosomal_mCAs,SC191043_PC01422_B06,M,chr14,32479525,34947732,2468207,N,Y,853,Gain,0.4089,EUR
PLCO_GSA_blood_autosomal_mCAs,SC191043_PC01422_B06,M,chr14,35031496,46688695,11657199,N,Y,2046,Gain,0.2435,EUR
PLCO_GSA_blood_autosomal_mCAs,SC191043_PC01422_B06,M,chr14,46692974,64675041,17982067,N,Y,4092,Gain,0.3712,EUR
PLCO_GSA_blood_autosomal_mCAs,SC191043_PC01422_B06,M,chr14,65107400,81453052,16345652,N,Y,3937,Gain,0.2266,EUR
PLCO_GSA_blood_autosomal_mCAs,SC191043_PC01422_B06,M,chr14,81455124,88945505,7490381,N,Y,1554,Gain,0.4038,EUR
PLCO_GSA_blood_autosomal_mCAs,SC191043_PC01422_B06,M,chr14,88962604,93037041,4074437,N,Y,1111,Gain,0.2133,EUR
PLCO_GSA_blood_autosomal_mCAs,SC191043_PC01422_B06,M,chr14,93050120,99468681,6418561,N,Y,2073,Gain,0.4122,EUR
PLCO_GSA_blood_autosomal_mCAs,SC191043_PC01422_B06,M,chr14,99516675,107043718,7527043,N,T,1689,Gain,0.2047,EUR
PLCO_GSA_blood_autosomal_mCAs,SC191235_PC01423_F12,M,chr12,109677899,133275309,23597410,N,T,6786,Gain,0.0403,ASN
PLCO_GSA_blood_autosomal_mCAs,SC191244_PC01424_F01,F,chr17,27153627,83257441,56103814,N,T,14506,Gain,0.0289,ASN
PLCO_GSA_blood_autosomal_mCAs,SC191257_PC01424_B03,M,chr22,23413041,50818468,27405427,N,T,8114,Gain,0.1011,EUR
PLCO_GSA_blood_autosomal_mCAs,SC191478_PC01426_F05,F,chr12,0,133275309,133275309,T,T,31886,Gain,0.0336,ASN_EUR
PLCO_GSA_blood_autosomal_mCAs,SC191555_PC01427_A03,M,chr12,0,133275309,133275309,T,T,31891,Gain,0.0942,EUR
PLCO_GSA_blood_autosomal_mCAs,SC191601_PC01427_A12,F,chr12,0,133275309,133275309,T,T,31881,Gain,0.0825,EUR
PLCO_GSA_blood_autosomal_mCAs,SC191651_PC01428_C01,M,chr9,0,138394717,138394717,T,T,27963,Gain,0.0136,EUR
PLCO_GSA_blood_autosomal_mCAs,SC191884_PC01430_E05,F,chr21,12915808,46709983,33794175,C,T,8579,Gain,0.0399,EUR
PLCO_GSA_blood_autosomal_mCAs,SC191924_PC01430_A11,F,chr14,18173523,107043718,88870195,C,T,21376,Gain,0.1316,EUR
PLCO_GSA_blood_autosomal_mCAs,SC193305_PC01431_A12,M,chr15,23629998,101991189,78361191,N,T,20195,Gain,0.181,EUR
PLCO_GSA_blood_autosomal_mCAs,SC193379_PC01432_D09,F,chr18,38259289,40933159,2673870,N,Y,415,Gain,0.1628,EUR
PLCO_GSA_blood_autosomal_mCAs,SC193416_PC01433_H01,M,chr22,27535881,50818468,23282587,N,T,6710,Gain,0.0208,EUR
PLCO_GSA_blood_autosomal_mCAs,SC193791_PC01436_B09,M,chr17,27237457,83257441,56019984,N,T,14489,Gain,0.1634,EUR
PLCO_GSA_blood_autosomal_mCAs,SC193813_PC01436_E11,F,chr19,0,18017579,18017579,T,N,6051,Gain,0.3787,EUR
PLCO_GSA_blood_autosomal_mCAs,SC193924_PC01438_D01,F,chr12,0,133275309,133275309,T,T,31882,Gain,0.0159,EUR
PLCO_GSA_blood_autosomal_mCAs,SC194181_PC01440_B08,M,chr8,42887752,47798348,4910596,Y,Y,345,Gain,0.4853,EUR
PLCO_GSA_blood_autosomal_mCAs,SC194229_PC01441_C01,M,chr13,18051248,48150120,30098872,C,Y,8156,Gain,0.0557,EUR
PLCO_GSA_blood_autosomal_mCAs,SC194256_PC01441_C04,M,chr9,92969412,138394717,45425305,N,T,11918,Gain,0.0676,AFR_EUR
PLCO_GSA_blood_autosomal_mCAs,SC194597_PC01444_E08,F,chr12,0,133275309,133275309,T,T,31869,Gain,0.1696,EUR
PLCO_GSA_blood_autosomal_mCAs,SC194760_PC01446_H01,M,chr21,14290064,28587725,14297661,N,Y,3363,Gain,0.4001,ASN
PLCO_GSA_blood_autosomal_mCAs,SC194912_PC01447_A09,M,chr1,0,37335510,37335510,T,N,10063,Gain,0.0282,EUR
PLCO_GSA_blood_autosomal_mCAs,SC194962_PC01448_H02,M,chr15,19725254,101991189,82265935,C,T,20425,Gain,0.0262,EUR
PLCO_GSA_blood_autosomal_mCAs,SC195004_PC01448_C07,F,chr1,0,53626900,53626900,T,N,13707,Gain,0.0368,EUR
PLCO_GSA_blood_autosomal_mCAs,SC195047_PC01448_D12,F,chr8,0,145138636,145138636,T,T,33357,Gain,0.048,EUR
PLCO_GSA_blood_autosomal_mCAs,SC195097_PC01449_G06,M,chr18,0,80373285,80373285,T,T,18244,Gain,0.0662,EUR
PLCO_GSA_blood_autosomal_mCAs,SC195511_PC01451_C07,M,chr12,0,133275309,133275309,T,T,31892,Gain,0.0528,EUR
PLCO_GSA_blood_autosomal_mCAs,SC195673_PC01453_G02,F,chr22,15054318,50818468,35764150,C,T,9812,Gain,0.0303,EUR
PLCO_GSA_blood_autosomal_mCAs,SC195720_PC01453_F08,F,chr1,150363264,248956422,98593158,N,T,24595,Gain,0.0243,EUR
PLCO_GSA_blood_autosomal_mCAs,SC195729_PC01453_G09,M,chr8,0,145138636,145138636,T,T,33364,Gain,0.087,EUR
PLCO_GSA_blood_autosomal_mCAs,SC196055_PC01456_G10,F,chr12,0,133275309,133275309,T,T,31885,Gain,0.0208,EUR
PLCO_GSA_blood_autosomal_mCAs,SC196208_PC01458_C04,F,chr12,0,133275309,133275309,T,T,31890,Gain,0.0142,EUR
PLCO_GSA_blood_autosomal_mCAs,SC196240_PC01458_H07,F,chr8,0,145138636,145138636,T,T,33359,Gain,0.7429,EUR
PLCO_GSA_blood_autosomal_mCAs,SC196311_PC01459_G03,F,chr12,0,133275309,133275309,T,T,31885,Gain,0.0263,EUR
PLCO_GSA_blood_autosomal_mCAs,SC196346_PC01459_F07,F,chr3,94065715,198295559,104229844,N,T,23238,Gain,0.0256,EUR
PLCO_GSA_blood_autosomal_mCAs,SC196588_PC01461_D09,M,chr15,19725254,101991189,82265935,C,T,20426,Gain,0.0149,EUR
PLCO_GSA_blood_autosomal_mCAs,SC196627_PC01462_B02,F,chr15,90017650,101991189,11973539,N,T,3858,Gain,0.1642,EUR
PLCO_GSA_blood_autosomal_mCAs,SC196680_PC01462_C08,F,chr3,0,198295559,198295559,T,T,45425,Gain,0.0151,EUR
PLCO_GSA_blood_autosomal_mCAs,SC196680_PC01462_C08,F,chr12,0,133275309,133275309,T,T,31885,Gain,0.0138,EUR
PLCO_GSA_blood_autosomal_mCAs,SC196699_PC01462_C10,M,chr9,71740269,138394717,66654448,N,T,16700,Gain,0.0299,EUR
PLCO_GSA_blood_autosomal_mCAs,SC196714_PC01462_C12,F,chr1,0,93516393,93516393,T,N,22369,Gain,0.0584,EUR
PLCO_GSA_blood_autosomal_mCAs,SC197358_PB99432_C08,F,chr5,171653643,181538259,9884616,N,T,2997,Gain,0.0528,EUR
PLCO_GSA_blood_autosomal_mCAs,SC197561_PB99434_C07,F,chr12,0,133275309,133275309,T,T,31887,Gain,0.6937,EUR
PLCO_GSA_blood_autosomal_mCAs,SC197730_PB99436_H01,F,chr15,19725254,29405629,9680375,C,Y,1614,Gain,0.2412,EUR
PLCO_GSA_blood_autosomal_mCAs,SC197888_PB99437_C07,M,chr9,0,29958597,29958597,T,N,8585,Gain,0.051,EUR
PLCO_GSA_blood_autosomal_mCAs,SC198015_PB99438_E09,M,chr2,0,68206699,68206699,T,N,17770,Gain,0.5068,EUR
PLCO_GSA_blood_autosomal_mCAs,SC198015_PB99438_E09,M,chr6,0,4746925,4746925,T,N,1420,Gain,0.479,EUR
PLCO_GSA_blood_autosomal_mCAs,SC198210_PB99440_E06,F,chr22,15054318,50818468,35764150,C,T,9812,Gain,0.0263,EUR
PLCO_GSA_blood_autosomal_mCAs,SC198225_PB99440_A08,F,chr12,51216694,78012811,26796117,N,Y,5984,Gain,0.1021,EUR
PLCO_GSA_blood_autosomal_mCAs,SC198356_PB99441_G07,M,chr9,0,2626851,2626851,T,N,958,Gain,0.0472,EUR
PLCO_GSA_blood_autosomal_mCAs,SC198366_PB99441_H08,M,chr15,19725254,101991189,82265935,C,T,20422,Gain,0.0499,EUR
PLCO_GSA_blood_autosomal_mCAs,SC198476_PB99442_F08,M,chr21,12915808,46709983,33794175,C,T,8574,Gain,0.0205,EUR
PLCO_GSA_blood_autosomal_mCAs,SC198521_PB99443_H01,F,chr14,18173523,107043718,88870195,C,T,21397,Gain,0.0229,EUR
PLCO_GSA_blood_autosomal_mCAs,SC198596_PB99443_D09,F,chr20,35104458,64444167,29339709,N,T,8112,Gain,0.0395,EUR
PLCO_GSA_blood_autosomal_mCAs,SC198661_PB99444_D03,M,chr12,0,133275309,133275309,T,T,31873,Gain,0.0197,EUR
PLCO_GSA_blood_autosomal_mCAs,SC198661_PB99444_D03,M,chr19,0,58617616,58617616,T,T,16323,Gain,0.0224,EUR
PLCO_GSA_blood_autosomal_mCAs,SC198670_PB99444_E04,M,chr12,0,133275309,133275309,T,T,31847,Gain,0.0083,EUR
PLCO_GSA_blood_autosomal_mCAs,SC198684_PB99444_A06,F,chr16,77991026,90338345,12347319,N,T,5163,Gain,0.0449,EUR
PLCO_GSA_blood_autosomal_mCAs,SC198686_PB99444_B06,F,chr3,0,22668087,22668087,T,N,6672,Gain,0.0749,EUR
PLCO_GSA_blood_autosomal_mCAs,SC198890_PB99446_G04,M,chr9,70782174,100841479,30059305,N,Y,6701,Gain,0.0346,EUR
PLCO_GSA_blood_autosomal_mCAs,SC198925_PB99446_B08,M,chr18,20990274,80373285,59383011,N,T,13977,Gain,0.1626,AFR
PLCO_GSA_blood_autosomal_mCAs,SC198941_PB99446_B09,F,chr18,0,80373285,80373285,T,T,18235,Gain,0.0166,EUR
PLCO_GSA_blood_autosomal_mCAs,SC199243_PC02604_C02,M,chr12,0,133275309,133275309,T,T,31881,Gain,0.142,AFR
PLCO_GSA_blood_autosomal_mCAs,SC199405_PB100120_G06,F,chr5,0,46313125,46313125,T,N,10481,Gain,0.0821,ASN
PLCO_GSA_blood_autosomal_mCAs,SC199405_PB100120_G06,F,chr6,0,58402135,58402135,T,N,13753,Gain,0.0285,ASN
PLCO_GSA_blood_autosomal_mCAs,SC199405_PB100120_G06,F,chr10,0,38127826,38127826,T,N,10175,Gain,0.0907,ASN
PLCO_GSA_blood_autosomal_mCAs,SC199405_PB100120_G06,F,chr10,42523785,133797422,91273637,N,T,21982,Gain,0.0503,ASN
PLCO_GSA_blood_autosomal_mCAs,SC199405_PB100120_G06,F,chr18,0,80373285,80373285,T,T,18245,Gain,0.0364,ASN
PLCO_GSA_blood_autosomal_mCAs,SC199458_PB100120_F10,F,chr1,152024723,248956422,96931699,N,T,24171,Gain,0.0206,EUR
PLCO_GSA_blood_autosomal_mCAs,SC199646_PB100121_E03,M,chr9,74290434,138394717,64104283,N,T,16298,Gain,0.0436,EUR
PLCO_GSA_blood_autosomal_mCAs,SC205605_PB100122_A07,F,chr16,0,31568951,31568951,T,N,9018,Gain,0.0342,EUR
PLCO_GSA_blood_autosomal_mCAs,SC206274_PC02898_D07,F,chr22,27351309,50818468,23467159,N,T,6813,Gain,0.0345,EUR
PLCO_GSA_blood_autosomal_mCAs,SC206517_PC02900_H11,M,chr9,76024128,95269477,19245349,N,Y,4425,Gain,0.1535,EUR
PLCO_GSA_blood_autosomal_mCAs,SC206606_PC02901_A10,M,chr9,69012609,138394717,69382108,N,T,17292,Gain,0.0296,EUR
PLCO_GSA_blood_autosomal_mCAs,SC206779_PC02903_D06,F,chr15,26955474,30077711,3122237,N,Y,693,Gain,0.4436,EUR
PLCO_GSA_blood_autosomal_mCAs,SC206779_PC02903_D06,F,chr15,23111346,25986311,2874965,N,Y,639,Gain,0.3252,EUR
PLCO_GSA_blood_autosomal_mCAs,SC206818_PC02903_F10,F,chr12,50674626,133275309,82600683,N,T,19856,Gain,0.1965,EUR
PLCO_GSA_blood_autosomal_mCAs,SC206953_PC02904_A12,M,chr9,85496458,138394717,52898259,N,T,13594,Gain,0.0297,AFR
PLCO_GSA_blood_autosomal_mCAs,SC207193_PC02907_H03,M,chr12,0,133275309,133275309,T,T,31894,Gain,0.1614,EUR
PLCO_GSA_blood_autosomal_mCAs,SC207303_PC02908_D04,M,chr9,0,20153764,20153764,T,N,6181,Gain,0.0357,AFR
PLCO_GSA_blood_autosomal_mCAs,SC207303_PC02908_D04,M,chr21,17634041,46709983,29075942,N,T,7635,Gain,0.031,AFR
PLCO_GSA_blood_autosomal_mCAs,SC207332_PC02908_A08,M,chr22,15054318,50818468,35764150,C,T,9814,Gain,0.0444,EUR
PLCO_GSA_blood_autosomal_mCAs,SC207338_PC02908_F08,M,chr12,0,133275309,133275309,T,T,31895,Gain,0.0222,EUR
PLCO_GSA_blood_autosomal_mCAs,SC207343_PC02908_C09,M,chr9,0,32907610,32907610,T,N,9131,Gain,0.0996,EUR
PLCO_GSA_blood_autosomal_mCAs,SC207408_PC02909_B05,F,chr17,47318721,83257441,35938720,N,T,9525,Gain,0.0333,EUR
PLCO_GSA_blood_autosomal_mCAs,SC207473_PC02910_G01,M,chr5,0,46398991,46398991,T,N,10486,Gain,0.0854,ASN
PLCO_GSA_blood_autosomal_mCAs,SC207577_PC02911_B02,M,chr15,19725254,101991189,82265935,C,T,20427,Gain,0.0411,EUR
PLCO_GSA_blood_autosomal_mCAs,SC207687_PC02912_G03,F,chr5,165018648,181538259,16519611,N,T,4813,Gain,0.0524,EUR
PLCO_GSA_blood_autosomal_mCAs,SC207725_PC02912_D08,M,chr9,87880455,138394717,50514262,N,T,13060,Gain,0.0292,EUR
PLCO_GSA_blood_autosomal_mCAs,SC207730_PC02912_B09,M,chr12,0,133275309,133275309,T,T,31890,Gain,0.018,EUR
PLCO_GSA_blood_autosomal_mCAs,SC207764_PC02913_D01,M,chr17,33019117,83257441,50238324,N,T,13369,Gain,0.0263,EUR
PLCO_GSA_blood_autosomal_mCAs,SC207774_PC02913_G02,M,chr15,19725254,101991189,82265935,C,T,20426,Gain,0.0383,EUR
PLCO_GSA_blood_autosomal_mCAs,SC208055_PC02915_G12,F,chr22,15054318,50818468,35764150,C,T,9810,Gain,0.0541,EUR
PLCO_GSA_blood_autosomal_mCAs,SC208440_PC02780_D10,M,chr15,19725254,101991189,82265935,C,T,20427,Gain,0.0515,EUR
PLCO_GSA_blood_autosomal_mCAs,SC208471_PC02781_B02,F,chr5,0,181538259,181538259,T,T,38783,Gain,0.0418,EUR
PLCO_GSA_blood_autosomal_mCAs,SC208550_PC02781_A12,M,chr12,0,133275309,133275309,T,T,31894,Gain,0.1623,EUR
PLCO_GSA_blood_autosomal_mCAs,SC208550_PC02781_A12,M,chr18,0,80373285,80373285,T,T,18249,Gain,0.1805,EUR
PLCO_GSA_blood_autosomal_mCAs,SC208550_PC02781_A12,M,chr19,0,58617616,58617616,T,T,16337,Gain,0.1763,EUR
PLCO_GSA_blood_autosomal_mCAs,SC208618_PC02782_C08,F,chr12,128948092,133275309,4327217,N,T,1538,Gain,0.0465,EUR
PLCO_GSA_blood_autosomal_mCAs,SC208870_PC02785_D02,M,chr9,68569853,138394717,69824864,N,T,17398,Gain,0.0423,AFR
PLCO_GSA_blood_autosomal_mCAs,SC208899_PC02785_E05,M,chr15,19725254,101991189,82265935,C,T,20429,Gain,0.0173,EUR
PLCO_GSA_blood_autosomal_mCAs,SC208969_PC02786_G01,F,chr12,0,133275309,133275309,T,T,31833,Gain,0.0216,EUR
PLCO_GSA_blood_autosomal_mCAs,SC208999_PC02786_C05,M,chr15,19725254,101991189,82265935,C,T,20421,Gain,0.085,EUR
PLCO_GSA_blood_autosomal_mCAs,SC209116_PC02787_D07,F,chr12,0,133275309,133275309,T,T,31884,Gain,0.0706,EUR
PLCO_GSA_blood_autosomal_mCAs,SC209228_PC02788_G08,F,chr17,27021742,83257441,56235699,N,T,14533,Gain,0.1102,EUR
PLCO_GSA_blood_autosomal_mCAs,SC209312_PC02789_B07,F,chr21,39974045,46709983,6735938,N,T,2219,Gain,0.0573,EUR
PLCO_GSA_blood_autosomal_mCAs,SC209325_PC02789_H08,F,chr1,150263708,248956422,98692714,N,T,24602,Gain,0.0198,EUR
PLCO_GSA_blood_autosomal_mCAs,SC209490_PC02790_F09,M,chr15,19725254,101991189,82265935,C,T,20427,Gain,0.0547,EUR
PLCO_GSA_blood_autosomal_mCAs,SC209494_PC02790_B10,M,chr3,108428881,198295559,89866678,N,T,20753,Gain,0.0173,EUR
PLCO_GSA_blood_autosomal_mCAs,SC209541_PC02791_F03,M,chr15,19725254,101991189,82265935,C,T,20417,Gain,0.0218,EUR
PLCO_GSA_blood_autosomal_mCAs,SC209542_PC02791_E06,F,chr12,0,133275309,133275309,T,T,31886,Gain,0.5827,EUR
PLCO_GSA_blood_autosomal_mCAs,SC209637_PC02792_D03,F,chr15,19725254,101991189,82265935,C,T,20424,Gain,0.1038,EUR
PLCO_GSA_blood_autosomal_mCAs,SC209668_PC02792_C07,M,chr9,0,30997205,30997205,T,N,8728,Gain,0.0321,EUR
PLCO_GSA_blood_autosomal_mCAs,SC209672_PC02792_G07,M,chr21,12915808,46709983,33794175,C,T,8576,Gain,0.0221,EUR
PLCO_GSA_blood_autosomal_mCAs,SC209697_PC02792_F10,F,chr14,18173523,107043718,88870195,C,T,21393,Gain,0.0234,EUR
PLCO_GSA_blood_autosomal_mCAs,SC209754_PC02793_E05,F,chr8,0,145138636,145138636,T,T,33359,Gain,0.0187,EUR
PLCO_GSA_blood_autosomal_mCAs,SC209780_PC02793_F08,M,chr15,19725254,101991189,82265935,C,T,20421,Gain,0.0235,EUR
PLCO_GSA_blood_autosomal_mCAs,SC210281_PC02798_H11,F,chr1,0,43301467,43301467,T,N,11612,Gain,0.0218,EUR
PLCO_GSA_blood_autosomal_mCAs,SC210289_PC02798_G12,F,chr15,19725254,101991189,82265935,C,T,20428,Gain,0.063,EUR
PLCO_GSA_blood_autosomal_mCAs,SC210718_PC05472_G05,F,chr1,0,57268871,57268871,T,N,14752,Gain,0.0177,EUR
PLCO_GSA_blood_autosomal_mCAs,SC210774_PC05472_G12,M,chr15,31271063,101991189,70720126,N,T,18447,Gain,0.0301,ASN_EUR
PLCO_GSA_blood_autosomal_mCAs,SC210858_PC05473_B11,F,chr11,80670625,135086622,54415997,N,T,14198,Gain,0.0211,EUR
PLCO_GSA_blood_autosomal_mCAs,SC210881_PC05474_F01,M,chr15,19725254,101991189,82265935,C,T,20422,Gain,0.1905,EUR
PLCO_GSA_blood_autosomal_mCAs,SC211236_PC05477_H09,F,chr13,36114903,114364328,78249425,N,T,17424,Gain,0.0371,EUR
PLCO_GSA_blood_autosomal_mCAs,SC211267_PC05478_H01,M,chr9,0,27985940,27985940,T,N,8143,Gain,0.0481,EUR
PLCO_GSA_blood_autosomal_mCAs,SC211382_PC05479_D04,F,chr17,27027639,83257441,56229802,N,T,14531,Gain,0.0312,EUR
PLCO_GSA_blood_autosomal_mCAs,SC211541_PC05480_E11,M,chr21,15114626,46709983,31595357,N,T,8237,Gain,0.0848,EUR
PLCO_GSA_blood_autosomal_mCAs,SC211552_PC05481_A01,F,chr12,25587887,133275309,107687422,Y,T,24645,Gain,0.0445,EUR
PLCO_GSA_blood_autosomal_mCAs,SC211651_PC05481_H03,F,chr19,41416447,58617616,17201169,N,T,5519,Gain,0.0434,EUR
PLCO_GSA_blood_autosomal_mCAs,SC211722_PC05482_A09,M,chr1,0,30254525,30254525,T,N,8385,Gain,0.0275,EUR
PLCO_GSA_blood_autosomal_mCAs,SC211855_PC05483_H11,F,chr12,0,133275309,133275309,T,T,31894,Gain,0.0767,EUR
PLCO_GSA_blood_autosomal_mCAs,SC212113_PC05486_D07,M,chr15,19725254,101991189,82265935,C,T,20428,Gain,0.0204,ASN_EUR
PLCO_GSA_blood_autosomal_mCAs,SC212188_PC05487_C04,M,chr13,18051248,114364328,96313080,C,T,22659,Gain,0.0161,EUR
PLCO_GSA_blood_autosomal_mCAs,SC212212_PC05487_D07,F,chr12,0,133275309,133275309,T,T,31892,Gain,0.0632,EUR
PLCO_GSA_blood_autosomal_mCAs,SC212274_PC08121_G07,M,chr15,19725254,101991189,82265935,C,T,20421,Gain,0.0371,EUR
PLCO_GSA_blood_autosomal_mCAs,SC212323_PC08122_B02,M,chr15,19725254,101991189,82265935,C,T,20421,Gain,0.1191,EUR
PLCO_GSA_blood_autosomal_mCAs,SC212511_PC08123_H01,F,chr5,0,46398991,46398991,T,N,10491,Gain,0.1827,EUR
PLCO_GSA_blood_autosomal_mCAs,SC212626_PC08124_E04,M,chr21,12915808,46709983,33794175,C,T,8572,Gain,0.0253,EUR
PLCO_GSA_blood_autosomal_mCAs,SC212810_PC08126_E03,M,chr22,22176688,50818468,28641780,N,T,8398,Gain,0.0577,EUR
PLCO_GSA_blood_autosomal_mCAs,SC213240_PC08130_F06,F,chr18,0,80373285,80373285,T,T,18250,Gain,0.4028,EUR
PLCO_GSA_blood_autosomal_mCAs,SC213337_PC08131_E05,M,chr9,0,19376257,19376257,T,N,5980,Gain,0.0259,EUR
PLCO_GSA_blood_autosomal_mCAs,SC213581_PC08133_D11,M,chr21,12915808,46709983,33794175,C,T,8576,Gain,0.0763,ASN_EUR
PLCO_GSA_blood_autosomal_mCAs,SC213637_PC08134_G04,M,chr12,0,133275309,133275309,T,T,31886,Gain,0.3753,EUR
PLCO_GSA_blood_autosomal_mCAs,SC213784_PC08135_H09,F,chr12,58672941,133275309,74602368,N,T,17553,Gain,0.0211,EUR
PLCO_GSA_blood_autosomal_mCAs,SC214120_PC08139_B03,M,chr12,0,133275309,133275309,T,T,31885,Gain,0.08,EUR
PLCO_GSA_blood_autosomal_mCAs,SC214122_PC08139_D03,F,chr15,19725254,101991189,82265935,C,T,20427,Gain,0.0594,EUR
PLCO_GSA_blood_autosomal_mCAs,SC214204_PC05488_A07,M,chr9,0,138394717,138394717,T,T,27976,Gain,0.048,EUR
PLCO_GSA_blood_autosomal_mCAs,SC214266_PC05489_B02,F,chr12,0,133275309,133275309,T,T,31875,Gain,0.0781,EUR
PLCO_GSA_blood_autosomal_mCAs,SC214319_PC05489_H08,F,chr10,0,24340671,24340671,T,N,7141,Gain,0.027,EUR
PLCO_GSA_blood_autosomal_mCAs,SC214381_PC05490_H03,M,chr15,57477701,101991189,44513488,N,T,12060,Gain,0.0623,EUR
PLCO_GSA_blood_autosomal_mCAs,SC214401_PC05490_E06,M,chr15,79687315,101991189,22303874,N,T,6421,Gain,0.0403,AFR
PLCO_GSA_blood_autosomal_mCAs,SC214573_PC05492_F01,F,chr3,0,198295559,198295559,T,T,45430,Gain,0.5794,AFR
PLCO_GSA_blood_autosomal_mCAs,SC214573_PC05492_F01,F,chr8,73771285,145138636,71367351,N,T,15271,Gain,0.032,AFR
PLCO_GSA_blood_autosomal_mCAs,SC214576_PC05492_B02,F,chr5,0,46398991,46398991,T,N,10491,Gain,0.0317,AFR_EUR
PLCO_GSA_blood_autosomal_mCAs,SC214695_PC05493_F03,M,chr22,18949480,21076765,2127285,N,Y,695,Gain,0.413,EUR
PLCO_GSA_blood_autosomal_mCAs,SC214941_PC05495_E09,M,chr18,0,80373285,80373285,T,T,18250,Gain,0.0119,ASN
PLCO_GSA_blood_autosomal_mCAs,SC215149_PC05497_G09,F,chr8,0,145138636,145138636,T,T,33355,Gain,0.3274,EUR
PLCO_GSA_blood_autosomal_mCAs,SC215164_PC05497_H11,M,chr18,0,80373285,80373285,T,T,18239,Gain,0.0326,EUR
PLCO_GSA_blood_autosomal_mCAs,SC215205_PC05498_C05,M,chr3,65645084,69683129,4038045,Y,N,1000,Gain,0.4026,EUR
PLCO_GSA_blood_autosomal_mCAs,SC215503_PC05501_A02,F,chr17,27021742,83257441,56235699,N,T,14534,Gain,0.0442,ASN
PLCO_GSA_blood_autosomal_mCAs,SC215566_PC05501_C09,F,chr12,30656714,38194590,7537876,Y,Y,917,Gain,0.3308,EUR
PLCO_GSA_blood_autosomal_mCAs,SC215635_PC05502_E04,F,chr15,19725254,101991189,82265935,C,T,20421,Gain,0.0741,EUR
PLCO_GSA_blood_autosomal_mCAs,SC215766_PC05503_G06,M,chr11,86702985,135086622,48383637,N,T,12942,Gain,0.0265,EUR
PLCO_GSA_blood_autosomal_mCAs,SC216062_PC05505_C10,M,chr15,19725254,101991189,82265935,C,T,20425,Gain,0.0095,EUR
PLCO_GSA_blood_autosomal_mCAs,SC217621_PC02684_B03,F,chr3,141058149,198295559,57237410,N,T,13637,Gain,0.0323,EUR
PLCO_GSA_blood_autosomal_mCAs,SC217626_PC02684_G03,F,chr14,18173523,107043718,88870195,C,T,21394,Gain,0.1318,EUR
PLCO_GSA_blood_autosomal_mCAs,SC217646_PC02684_A06,F,chr3,0,198295559,198295559,T,T,45423,Gain,0.6391,ASN
PLCO_GSA_blood_autosomal_mCAs,SC218126_PC01474_E03,F,chr13,49427228,91751569,42324341,N,Y,7957,Gain,0.0673,EUR
PLCO_GSA_blood_autosomal_mCAs,SC218175_PC01479_D06,F,chr12,0,133275309,133275309,T,T,31879,Gain,0.1051,EUR
PLCO_GSA_blood_autosomal_mCAs,SC218175_PC01479_D06,F,chr21,12915808,46709983,33794175,C,T,8573,Gain,0.1038,EUR
PLCO_GSA_blood_autosomal_mCAs,SC218880_PC01480_A12,M,chr18,0,80373285,80373285,T,T,18245,Gain,0.0339,EUR
PLCO_GSA_blood_autosomal_mCAs,SC218901_PC01481_F02,M,chr3,62433418,153215212,90781794,Y,Y,17977,Gain,0.0763,EUR
PLCO_GSA_blood_autosomal_mCAs,SC219010_PC01475_C12,F,chr3,0,198295559,198295559,T,T,45417,Gain,0.0197,EUR
PLCO_GSA_blood_autosomal_mCAs,SC219115_PC01477_A01,U,chr14,18173523,107043718,88870195,C,T,21385,Gain,0.1211,EUR
PLCO_GSA_blood_autosomal_mCAs,SC219225_PC01478_A03,F,chr21,12915808,46709983,33794175,C,T,8572,Gain,0.0185,EUR
PLCO_GSA_blood_autosomal_mCAs,SC261536_PC03790_C01,M,chr13,22043303,114364328,92321025,N,T,21830,Gain,0.0565,EUR
PLCO_GSA_blood_autosomal_mCAs,SC261548_PC03790_F02,F,chr3,0,198295559,198295559,T,T,45414,Gain,0.0193,EUR
PLCO_GSA_blood_autosomal_mCAs,SC343233_PC26564_A01,M,chr15,19725254,101991189,82265935,C,T,20420,Gain,0.1009,EUR
PLCO_GSA_blood_autosomal_mCAs,SC415396_PC17352_D12,M,chr15,19725254,101991189,82265935,C,T,20419,Gain,0.0385,AFR
PLCO_GSA_blood_autosomal_mCAs,SC415411_PC17353_D02,F,chr14,18173523,107043718,88870195,C,T,21400,Gain,0.026,EUR
PLCO_GSA_blood_autosomal_mCAs,SC415519_PC17354_D02,F,chr14,18173523,107043718,88870195,C,T,21394,Gain,0.0494,EUR
PLCO_GSA_blood_autosomal_mCAs,SC415852_PC17355_F09,F,chr12,0,133275309,133275309,T,T,31798,Gain,0.0155,EUR
PLCO_GSA_blood_autosomal_mCAs,SC415871_PC17355_A12,F,chr21,12915808,46709983,33794175,C,T,8577,Gain,0.0193,EUR
PLCO_GSA_blood_autosomal_mCAs,SC416082_PC17358_G03,M,chr3,103491055,198295559,94804504,N,T,21735,Gain,0.021,EUR
PLCO_GSA_blood_autosomal_mCAs,SC416082_PC17358_G03,M,chr9,61665918,138394717,76728799,N,T,17462,Gain,0.0948,EUR
PLCO_GSA_blood_autosomal_mCAs,SC416111_PC17358_F07,F,chr12,0,133275309,133275309,T,T,31887,Gain,0.0337,EUR
PLCO_GSA_blood_autosomal_mCAs,SC416116_PC17358_C08,F,chr12,0,133275309,133275309,T,T,31887,Gain,0.7542,EUR
PLCO_GSA_blood_autosomal_mCAs,SC416605_PC17362_H11,F,chr5,91794652,130595780,38801128,N,Y,7794,Gain,0.0341,EUR
PLCO_GSA_blood_autosomal_mCAs,SC416821_PC17365_D04,F,chr13,47288453,114364328,67075875,N,T,14686,Gain,0.0358,EUR
PLCO_GSA_blood_autosomal_mCAs,SC416939_PC17366_E07,F,chr1,68983490,115314630,46331140,Y,N,9668,Gain,0.0383,AFR
PLCO_GSA_blood_autosomal_mCAs,SC417029_PC17367_B07,M,chr3,0,90062615,90062615,T,N,22084,Gain,0.0189,EUR
PLCO_GSA_blood_autosomal_mCAs,SC417199_PC17369_D05,M,chr14,23832303,68860561,45028258,N,Y,9929,Gain,0.071,EUR
PLCO_GSA_blood_autosomal_mCAs,SC417211_PC17369_C12,F,chr6,101557495,170805979,69248484,N,T,16129,Gain,0.0246,EUR
PLCO_GSA_blood_autosomal_mCAs,SC417211_PC17369_C12,F,chr7,98187015,159345973,61158958,N,T,14652,Gain,0.0199,EUR
PLCO_GSA_blood_autosomal_mCAs,SC417287_PC17370_F04,M,chr3,0,198295559,198295559,T,T,45426,Gain,0.01,EUR
PLCO_GSA_blood_autosomal_mCAs,SC417322_PC17370_C09,M,chr5,0,181538259,181538259,T,T,38784,Gain,0.1065,EUR
PLCO_GSA_blood_autosomal_mCAs,SC417322_PC17370_C09,M,chr9,0,138394717,138394717,T,T,27972,Gain,0.0984,EUR
PLCO_GSA_blood_autosomal_mCAs,SC417322_PC17370_C09,M,chr18,0,80373285,80373285,T,T,18248,Gain,0.1045,EUR
PLCO_GSA_blood_autosomal_mCAs,SC417412_PC17371_A09,M,chr5,83602427,121764789,38162362,N,Y,7338,Gain,0.0302,EUR
PLCO_GSA_blood_autosomal_mCAs,SC417432_PC17371_G11,F,chr12,0,133275309,133275309,T,T,31882,Gain,0.0247,EUR
PLCO_GSA_blood_autosomal_mCAs,SC417501_PC17372_E10,F,chr11,64043093,135086622,71043529,N,T,18406,Gain,0.0205,EUR
PLCO_GSA_blood_autosomal_mCAs,SC417653_PC17374_E04,M,chr8,0,145138636,145138636,T,T,33347,Gain,0.0998,EUR
PLCO_GSA_blood_autosomal_mCAs,SC417710_PC17374_F11,F,chr1,147751068,248956422,101205354,N,T,24768,Gain,0.0172,EUR
PLCO_GSA_blood_autosomal_mCAs,SC420837_PC17379_F01,M,chr9,74309525,86386830,12077305,N,Y,2854,Gain,0.1214,ASN_EUR
PLCO_GSA_blood_autosomal_mCAs,SC420901_PC17379_H09,M,chr18,20990274,80373285,59383011,N,T,13985,Gain,0.0324,EUR
PLCO_GSA_blood_autosomal_mCAs,SC421311_PC17384_A03,F,chr18,20990274,80373285,59383011,N,T,13984,Gain,0.0149,EUR
PLCO_GSA_blood_autosomal_mCAs,SC446577_PC17385_E09,F,chr4,82192170,190214555,108022385,N,T,22693,Gain,0.0314,EUR
